-- ============================================================
-- Export MySQL generado desde SQLite
-- Fecha: 01/07/2026 09:08:47
-- Base de datos: C:\Users\linux\Desktop\CHECHO\database.db
-- ============================================================

SET FOREIGN_KEY_CHECKS=0;
SET NAMES utf8mb4;
SET CHARACTER SET utf8mb4;
SET sql_mode = '';

-- ------------------------------------------------------------
-- Tabla: usuarios
-- ------------------------------------------------------------
DROP TABLE IF EXISTS `usuarios`;
CREATE TABLE IF NOT EXISTS `usuarios` (
  `id` INT NOT NULL AUTO_INCREMENT,
  `username` VARCHAR(255) NOT NULL UNIQUE,
  `password` TEXT NOT NULL,
  `role` ENUM('admin','user') DEFAULT 'user',
  `created_at` DATETIME DEFAULT CURRENT_TIMESTAMP,
  PRIMARY KEY (`id`)
) ENGINE=InnoDB DEFAULT CHARSET=utf8mb4;

INSERT INTO `usuarios` (`id`, `username`, `password`, `role`, `created_at`) VALUES
  (1, 'admin', 'admin', 'admin', '2026-06-01 14:07:23'),
  (2, 'Maylin', 'scrypt:32768:8:1$tXexm1sP3JGV8iFC$04cd5e84ccb23cf4ccc73b865350a6d1bd94626bb11c4e10ebfd947c3423aebc3bab3fe7641e2c7fe67dd1a6692422f46bd5000916522da53d33de5c72ab41bc', 'user', '2026-06-10 13:46:01');

-- ------------------------------------------------------------
-- Tabla: empresas
-- ------------------------------------------------------------
DROP TABLE IF EXISTS `empresas`;
CREATE TABLE IF NOT EXISTS `empresas` (
  `id` INT NOT NULL AUTO_INCREMENT,
  `nombre` TEXT NOT NULL,
  `ruc` VARCHAR(20),
  `representante` TEXT,
  `descripcion` TEXT,
  `nomenclatura` TEXT,
  `monto_obra` DECIMAL(15,2),
  `fecha_inicio_obra` DATE,
  `fecha_fin_obra` DATE,
  `suma_asegurada` DECIMAL(15,2) DEFAULT 0.00,
  `monto_garantia` DECIMAL(15,2) DEFAULT 0.00,
  `monto_liberado` DECIMAL(15,2) DEFAULT 0.00,
  `observaciones` TEXT,
  `created_at` DATETIME DEFAULT CURRENT_TIMESTAMP,
  PRIMARY KEY (`id`)
) ENGINE=InnoDB DEFAULT CHARSET=utf8mb4;

INSERT INTO `empresas` (`id`, `nombre`, `ruc`, `representante`, `descripcion`, `nomenclatura`, `monto_obra`, `fecha_inicio_obra`, `fecha_fin_obra`, `suma_asegurada`, `monto_garantia`, `monto_liberado`, `observaciones`, `created_at`) VALUES
  (1, 'CONSORCIO GUADALUPE', '20571170958', 'NORABUENA SANTOS MARIA SUSANA', 'CONTRATACIÓN DE EJECUCIÓN DE LA OBRA: ¿INSTALACION DE LOS SERVICIOS DE EDUCACIÓN INICIAL N 025 EN LA LOCALIDAD DE LA UNIÓN,\\\\nDISTRITO DE LA UNIÓN, PROVINCIA DE DOS DE MAYO - HUANUCO\\" CON CUI: 2180291\\n\\n', 'LP-SM-2-2025-MPDM/CS-1', 6414497.9, '2025-10-02', '2026-05-29', 0, 0, 0, '', '2026-06-01 14:29:03'),
  (2, 'CONSORCIO SIMECCONS', '20573047665', 'SINCHE MENDIETA KIARA MACIEL', 'CONTRATACIÓN PARA LA EJECUCIÓN DE LA OBRA: ¿CONSTRUCCIÓN DEL PUENTE CARROZABLE EN EL TRAMO TAYAPAMPA DEL CAMINO VECINAL EMP. PA-10.7 HUALLAMAYO ¿ JACHAHUANCA ¿ EMP. PA-619 (DV. CHINCHANCO) (RUTA PA-618) EN EL DISTRITO PAUCARTAMBO, PROVINCIA PASCO, REGION PASCO¿ CON CUI Nº 2250151\\n\\n', 'LP-SM-15-2025-CS-GRP-1', 6369662.57, '2025-09-23', '2026-03-23', 0, 0, 0, '', '2026-06-01 15:30:44'),
  (3, 'CONSORCIO PUENTE VICTORIA', '20489730864', 'LEDESMA MARCELO JORGE LUIS', 'CONTRATACION DE EJECUCIÓN DE OBRA: \\"AMPLIACION Y MEJORAMIENTO DEL PUENTE VICTORIA DISTRITO DE SAN RAMON, PROVINCIA DE CHANCHAMAYO, REGION JUNIN\\".\\n\\n', 'LP-SM-15-2023-GRJ-CS-1', 22287239.18, '2024-02-29', '2025-03-10', 0, 0, 0, '', '2026-06-01 15:35:17'),
  (4, 'ARGOS CORPORATION S.A.C.', '20600212070', 'ARGOS CORPORATION S.A.C.', 'SERVICIO DE COLOCACION DE SELLO ASFALTICO (IMPRIMADO Y TRATAMIENTO SUPERFICIAL MONOCAPA 1RA CAPA) A TODO COSTO PARA EL PROYECTO \\"CONSTRUCCIÓN DE LA RED VIAL DEPARTAMENTAL - DISTRITO DE LLOQUE (C.P. SAN CRISTOBAL DE TORATA - C.P. HUARINA), DISTRITO MATALAQUE, PROVINCIA GENERAL SÁNCHEZ CERRO, REGIÓN M\\n\\n', 'AS-SM-44-2025-GRM-1', 832585.6, '2025-08-13', '2025-09-12', 0, 0, 0, '', '2026-06-01 15:39:43'),
  (5, 'CONSORCIO AUCAYACU', '20610215018', 'CONCHA BERAUN JOEL DANIELCONCHA BERAUN JOEL DANIEL', 'CONTRATACIÓN PARA LA EJECUCIÓN DEL SERVICIO DE MANTENIMIENTO PERIÓDICO DEL CAMINO VECINAL NO PAVIMENTADO, RUTA: HU-552; TRAMO EMP. HU ¿ 505 ¿ SAN ISIDRO ¿ UTC BAMBU ¿ EMP. HU ¿ 551 ¿ DISTRITO DE JOSE CRESPO Y CASTILLO, PROVINCIA DE LEONCIO PRADO, DEPARTAMENTO DE HUÁNUCO; L=11.705 KM\\n\\n', 'CP CON-SM-6-2025-DRTC/CS-1', 578428.21, '2025-10-20', '2025-12-30', 0, 0, 0, '', '2026-06-01 15:50:23'),
  (6, 'CONSORCIO EJECUTOR ASUNCION SALDAÑA', '20614620367', 'REYES RAMIREZ ROBERTO MAXIMO', 'CONTRATACIÓN PARA LA EJECUCIÓN DE LA OBRA: MEJORAMIENTO DEL SERVICIO DE PRÁCTICA DEPORTIVA Y/O RECREATIVA EN EL POLIDEPORTIVO DE LA COOPERATIVA DE VIVIENDA ASUNCION SALDAÑA DE CENTRO POBLADO TINGO MARIA DISTRITO DE RUPA-RUPA DE LA PROVINCIA DE LEONCIO PRADO DEL DEPARTAMENTO DE HUANUCO.\\n\\n', 'LP-ABR-9-2025-GRH/C-2', 947180.6, '2026-09-26', '2025-12-25', 0, 0, 0, '', '2026-06-01 15:55:14'),
  (7, 'CONSORCIO VALLE DORADO', '20556808768', 'ESPINOZA ZANABRIA LEOCADIO', 'CONTRATACIÓN PARA LA EJECUCIÓN DE LA OBRA: ¿CREACION DEL SERVICIO DE MOVILIDAD URBANA EN LAS VIAS LOCALES DE AREA URBANA DEL SECTOR II DE LA URBANIZACION VALLE DORADO DE PICHARI DEL DISTRITO DE PICHARI - PROVINCIA DE LA CONVENCION - DEPARTAMENTO DE CUSCO¿, CON CUI N° 2523975\\n\\n', 'LP-SM-2-2025-MDP/C-1', 17500000.01, '2025-11-10', '2026-09-07', 0, 0, 0, '', '2026-06-01 16:00:26'),
  (8, 'CONSORCIO VIAL HONORIA 25', '20573100817', 'GONZALES VELA ALBERTO', 'Ejecución de Obra:CREACION DE PISTAS Y VEREDAS DE LA LOCALIDAD DE HONORIA DEL DISTRITO DE HONORIA ¿ PROVINCIA DE PUERTO INCA ¿ DEPARTAMENTO DE HUANUCO CON CUI No 2505778\\n\\n', 'LP-SM-1-2025-MDH/CS-1', 8740439.11, '2025-10-31', '2026-06-19', 0, 0, 0, '', '2026-06-01 16:17:02'),
  (9, 'CONSORCIO NORTE', '20610388028', 'REYES RAMIREZ ROBERTO MAXIMO', 'CONTRATACIÓN PARA LA EJECUCIÓN DE LA OBRA MEJORAMIENTO Y AMPLIACION DEL SISTEMA DE ENERGIA ELECTRICA MEDIANTE EL SISTEMA CONVENCIONAL DEL DISTRITO DE LA MERCED - PROVINCIA DE AIJA - DEPARTAMENTO DE ANCASH, CON CUI 2503463\\n\\n', 'AS-SM-32-2022-GRA/CS-1', 8119040.75, '2022-12-27', '2023-10-24', 0, 0, 0, '', '2026-06-01 16:35:22'),
  (10, 'CONSORCIO SAN MIGUEL', '20615058107', 'LINO INOCENCIO KEILY BRISET', 'CONTRATACIÓN PARA LA EJECUCIÓN DE LA OBRA: RENOVACION DE INFRAESTRUCTURA DEPORTIVA; EN EL(LA) IMPLEMENTACION DEL GRASS SINTETICO Y OTROS ACTIVOS, EN LA LOSA DEPORTIVA DE LA CASETA DE LA URBANIZACIÓN HUAYOPAMPA DISTRITO DE AMARILIS, PROVINCIA HUANUCO, DEPARTAMENTO HUANUCO.\\n\\n', 'LP-ABR-61-2025-GRH/C-1', 1261182.62, '2025-11-25', '2026-02-24', 0, 0, 0, '', '2026-06-01 16:40:07'),
  (11, 'CONSORCIO PALCA GROUP', '20614720876', 'PRIMO ISIDRO JOEL', 'CONTRATACIÓN PARA LA EJECUCIÓN DE LA OBRA: MEJORAMIENTO DE LA VÍA CON PAVIMENTO, VEREDAS Y MUROS DE CONTENCIÓN EN LA AV. TÚPAC AMARU DEL SECTOR 1 Y 4 DEL AA.HH TÚPAC AMARU, DISTRITO DE CHAUPIMARCA, PROVINCIA DE PASCO - PASCO, CON CUI Nº 2337885\\n\\n', 'LP-ABR-12-2025-CS-GRP-1', 10520085.6, '2025-09-16', '2026-06-15', 0, 0, 0, '', '2026-06-01 16:48:53'),
  (12, 'CONSORCIO BRICONS', '20605767151', 'SUAREZ GABRIEL ANJHIELO JOSE', 'Ejecución de Obra de la IOARR: ¿REPARACION DE CAMARAS DE VALVULAS Y CAPTACION DE AGUA; CONSTRUCCION DE RESERVORIO Y LINEA DE CONDUCCION; ADEMAS DE OTROS ACTIVOS EN EL (LA) LOCALIDAD DE CHACOS Y HUANCABAMBA, DISTRITO DE SAN RAFAEL, PROVINCIA DE AMBO, DEPARTAMENTO DE HUANUCO¿ CON CUI N°2633777\\n\\n', 'LP-ABR-1-2025-MDSR/C-1', 1193167.92, '2025-09-30', '2026-01-31', 0, 0, 0, '', '2026-06-01 17:00:21'),
  (13, 'CORPORACION SAFETY PRO S.A.C.', '20613736116', 'VASQUEZ MOLINA JORGE SAMUEL', 'ADQUISICION DE ORDEÑADORA PORTATIL PARA LOS PLANES DE NEGOCIO: CUI N° 2681715, CUI N° 2681638, CUI N° 2683973 - PROCOMPITE 2024.\\n\\n', 'LP-ABR-7-2025-GRL/CS-1', 386000, '2025-11-14', '2025-11-19', 0, 0, 0, '', '2026-06-01 17:16:01'),
  (14, 'CONSORCIO LA MERCED', '20614857138', 'TACUCHI JIMENEZ LUIGI', 'CONTRATACION DE EJECUCIÓN DE LA OBRA: MEJORAMIENTO Y AMPLIACION DE LOS SERVICIOS EDUCATIVOS DE LA I.E. POLITECNICO SELVA CENTRAL, DISTRITO DE CHANCHAMAYO - PROVINCIA DE CHANCHAMAYO - DEPARTAMENTO DE Junín\\n\\n', 'LP-SM-2-2025-GRJ/CS-1', 27434500.95, '2025-10-13', '2026-10-08', 0, 0, 0, '', '2026-06-01 17:19:34'),
  (15, 'CONSORCIO CHAVINILLO II', '20489643627', 'APONTE PADILLA FRANKLIN STANLEY', 'Ejecución de la obra: ¿CREACION DEL SERVICIO DE ESPACIOS PÚBLICOS URBANOS EN LA PLAZA DE ARMAS DE CHAVINILLO DEL DISTRITO DE CHAVINILLO - PROVINCIA DE YAROWILCA - DEPARTAMENTO DE HUANUCO¿ CUI: 2472390\\n\\n', 'LP-ABR-4-2025-GRH/C-1', 2929410.69, '2025-10-21', '2026-02-19', 0, 0, 0, '', '2026-06-01 17:25:13'),
  (16, 'CONSORCIO EJECUTOR JATUN-JIRCA II', '20610817476', 'CAYLLAHUA GARAY SILVERIO MARIANO', 'EJECUCION DE LA OBRA: \\"RENOVACIÓN DE PUENTE; EN EL(LA) VIA VECINAL RUTA HU-682 (SANTA ROSA Y HUAMACHACRA) EN EL CENTRO POBLADO SANTA ROSA, DISTRITO DE PUÑOS, PROVINCIA HUAMALIES, DEPARTAMENTO HUANUCO¿, CUI N° 2639969\\n\\n', 'LP-ABR-1-2025-MDP-1', 627917.51, '2025-08-11', '2025-12-02', 0, 0, 0, '', '2026-06-01 17:36:13'),
  (17, 'CONSORCIO PERU', '20611906243', 'LEDESMA MARCELO JORGE LUIS', 'CONTRATACION DE EJECUCION DE LA OBRA: "MEJORAMIENTO DEL SERVICIO DE TRANSITABILIDAD VEHICULAR EN EL CAMINO VECINAL TRAMO LA HUECA, SAN AGUSTIN DE HUAYCHAO, JATUMPAMPA, LOS ANDES DE PUCARA DEL DISTRITO DE HUAYLLAY-PROVINCIA DE PASCO-DEPARTAMENTO DE PASCO" DE CUI N°2505115.', 'AS-DU-032-2023-SM-3-2023-CS/MDH-1', 23299324.22, '2023-12-13', '2024-12-31', 0, 0, 0, '', '2026-06-10 14:08:10'),
  (18, 'CONSORCIO AGUA SAN JUAN', '20609732220', 'HILARIO LEON NELLY', '¿\\tEJECUCION DE OBRA: MEJORAMIENTO Y AMPLIACION DEL SERVICIO DE AGUA POTABLE Y SANEAMIENTO RURAL EN EL CENTRO POBLADO DE SAN JUAN BAUTISTA DEL DISTRITO DE IRAZOLA - PROVINCIA DE PADRE ABAD - DEPARTAMENTO DE UCAYALI', 'LP-SM-1-2022-MDI-VSA-CS-1', 8489555.63, '2022-08-17', '2023-04-14', 0, 0, 0, '', '2026-06-10 14:34:49'),
  (19, 'CONSORCIO BELLAVISTA', '20607718475', 'ENCISO FLORES LUIS ENRIQUE', 'CONSTRUCCION DE LA MARINA TURISTICA PARA EL ACCESO AL CIRCUITO TURISTICO NORTE DE IQUITOS, EN LA LOCALIDAD DE BELLAVISTA NANAY, DISTRITO DE PUNCHANA, PROVINCIA DE MAYNAS ¿ REGION LORETO', 'AS-SM-13-2021-CSO-GRL-1', 79683530.71, '2021-04-09', '2023-03-31', 0, 0, 0, '', '2026-06-10 14:41:47'),
  (20, 'CONSORCIO NARANJILLO', '20611133074', 'SINCHI MIRADA CLINTON ANDERSON', 'EJECUCION DE LA OBRA: AMPLIACION, MEJORAMIENTO Y EQUIPAMIENTO DE LOS SERVICIOS EDUCATIVOS DE LA I.E. N-32508 VICTOR REYES ROCA DE LA LOCALIDAD DE NARANJILLO. DIST. DE LUYANDO-LEONCIO PRADO-HCO', 'LP-SM-1-2023-GRH/CS-1', 12057054.2, '2023-07-04', '2024-03-01', 0, 0, 0, '', '2026-06-10 14:53:43'),
  (21, 'CONSORCIO AMB', '20609381478', 'BASILIO CHAVEZ ARMANDO JAIME', 'ELABORACIÓN DE EXPEDIENTE TÉCNICO Y EJECUCIÓN DE OBRA: INTERVENCIÓN EN RECONSTRUCCIÓN MEDIANTE INVERSIONES- IRI- EN LA IE 20590 SANTA MARIA, CP HUANCHAC, DISTRITO DE SAN LORENZO DE QUINTI, PROVINCIA DE HUAROCHIRI, REGIÓN LIMA CL 358103 CON FUR 2428748, EN EL MARCO DEL PLAN INTEGRAL DE RECONSTRUCCIÓN CON CAMBIOS.', 'PEC-PROC-164-2022-MINEDU/UE-108-1', 5714448.78, '2022-09-01', '2023-03-30', 0, 0, 0, '', '2026-06-10 15:22:21'),
  (22, 'CONSORCIO NOVOAGRO', '20612324345', 'BARRIENTOS GUILLERMO GIANCARLOS SABINO', 'Ejecución de la obra ¿Construcción del Laboratorio Nacional de Suelos, Aguas y Foliares (LABSAF ¿ Sede Central), Lima¿, en el marco del PI con CUI 2487112', 'AS-SM-1-2024-INIA-1', 7479339.26, '2024-03-25', '2024-12-31', 0, 0, 0, '', '2026-06-10 17:06:00'),
  (23, 'CONSORCIO SANEAMIENTO SEÑOR DE BURGOS', '20613474570', 'FALCON HERRERA LISETH', 'EJECUCION DE OBRA: AMPLIACION Y MEJORAMIENTO DEL SITEMA DE ALCANTARILLADO Y DISPOSICION SANITARIA DE EXCRETAS EN LAS LOCALIDADES DE COLPASHPAMPA Y UCHUS DISTRITO DE MARGOS-HUANUCO-HUANUCO', 'LP-SM-2-2024-MDM-1', 4912569.24, '2024-12-02', '2025-05-16', 0, 0, 0, '', '2026-06-10 17:17:55'),
  (24, 'CONSORCIO INGENIERÍA A Y S', '20609669889', 'SABINO SOLIS ARACELY LINDSAY', 'EJECUCION DE LA OBRA P-05 "MEJORAMIENTO DEL SERVICIO DE AGUA POTABLE URBANO EN LA SECTORIZACION DE AREAS OPERATIVAS CRITICAS (SECTORES N° 01 Y 04) DE EMAPA HUARAL S.A., DISTRITO DE HUARAL, DE LA PROVINCIA DE HUARAL DEL DEPARTAMENTO DE LIMA" CON CODIGO DE INVERSIONES N° 2628024', 'AS-SM-4-2024-EMAPA HUARAL SA-1', 1500019.92, '2025-05-26', '2025-09-11', 0, 0, 0, '', '2026-06-10 17:26:33'),
  (25, 'CONSORCIO EJECUTOR CHINCHAO', '20613596411', 'CHAVEZ NIEVES AURELIO', 'MEJORAMIENTO DEL SERVICIO DE EDUCACION PRIMARIA EN I.E. 32069 DE CENTRO POBLADO NUEVA ESPERANZA DE HUALLINTUSHA, DISTRITO DE CHINCHAO DE LA PROVINCIA DE HUANUCO DEL DEPARTAMENTO DE HUANUCO, CUI N° 2574575.', 'LP-SM-2-2024-MDCH/CS-1', 7572483.48, '2025-01-15', '2025-11-30', 0, 0, 0, '', '2026-06-10 17:40:24'),
  (26, 'STAR ENGINEERING CONSORCIO', '20609510880', 'ARIAS CUPE ANTHONY STIVE', 'CONTRATACIÓN PARA LA EJECUCIÓN DE LA OBRA:¿MEJORAMIENTO DEL SERVICIO DE LA I.E.I. NRO 1337 DE LA COMUNIDAD CAMPESINA POMATE DEL DISTRITO DE YAURISQUE - PROVINCIA DE PARURO - DEPARTAMENTO DE CUSCO¿ ¿ CUI: 2500936', 'LP-ABR-1-2025-MDY-2', 3107572.39, '2025-12-29', '2026-06-30', 0, 0, 0, '', '2026-06-10 17:50:08'),
  (27, 'CONSORCIO PALCA GROUP II', '20528948911', 'ISUIZA CARDENAS NITHAN WILLIAMS', 'CONTRATACIÓN PARA LA EJECUCIÓN DE LA OBRA ¿RENOVACION DE PUENTE; EN EL(LA) VIA VECINAL RUTA HU-735 (PUENTE SAPO RUMI-PUENTE RAYANSACA) EN EL CENTRO POBLADO PROGRESO, DISTRITO DE SILLAPATA, PROVINCIA DOS DE MAYO, DEPARTAMENTO HUANUCO¿, CON CUI N° 2635218¿', 'LP-ABR-3-2025-MDS/CS-1-1', 1319388, '2025-11-19', '2026-02-21', 0, 0, 0, '', '2026-06-11 14:40:55'),
  (28, 'CONSORCIO PALCA GROUP III', '20528948911', 'ISUIZA CARDENAS NITHAN WILLIAMS', 'CONTRATACIÓN PARA LA EJECUCIÓN DE LA OBRA: EJECUCIÓN DEL COMPONENTE I, II Y III DEL PROYECTO "MEJORAMIENTO Y AMPLIACION DEL CENTRO DE SALUD DE LA LOCALIDAD DE CHUPAN DEL DISTRITO DE APARICIO POMARES - PROVINCIA DE YAROWILCA - DEPARTAMENTO DE HUANUCO", CON CUI N° 2493500', 'LP-SM-3-2025-MDAP-1', 39602262.25, '2025-12-01', '2027-09-06', 0, 0, 0, '', '2026-06-11 14:49:46'),
  (29, 'CONSORCIO CHANCHAMAYO', '20614416174', 'TACUCHI JIMENEZ LUIGI', 'CONTRATACION DE EJECUCIÓN DE OBRA: MEJORAMIENTO Y AMPLIACION DEL SERVICIO DE EDUCACIÓN PRIMARIA Y SECUNDARIA DE LA IE N 30001-42 DEL CENTRO POBLADO DE CIUDAD SATELITE DEL DISTRITO DE PERENE - PROVINCIA DE CHANCHAMAYO - DEPARTAMENTO DE JUNIN, CON CUI 2319758', 'LP-SM-13-2025-GRJ-1', 20665544.46, '2025-08-05', '2027-01-27', 0, 0, 0, '', '2026-06-11 15:05:15'),
  (30, 'CONSORCIO EDUCATIVO POMACUCHO', '20601175259', 'SALAZAR GARAY RAUL EFRAIN', 'EJECUCIÓN DE LA OBRA: MEJORAMIENTO Y AMPLIACION DEL SERVICIO DE EDUCACIÓN INICIAL EN LA INSTITUCIÓN EDUCATIVA INICIAL N 194 POMACUCHO DEL DISTRITO DE SANTA MARIA DEL VALLE - PROVINCIA DE HUANUCO - DEPARTAMENTO DE HUANUCO - CUI: 2517099', 'LP-ABR-65-2025-GRH/C-3', 4886542.82, '2026-01-29', '2026-08-28', 0, 0, 0, '', '2026-06-11 15:08:57'),
  (31, 'CONSORCIO GRECIA', '20615825477', 'HUAMAN VILCAHUAMAN JESUS ARMANDO', 'CONTRATACION PARA LA EJECUCION DE LA OBRA: ¿CREACION DEL SERVICIOS DE ESPACIOS PÚBLICOS URBANOS EN PARQUE CENTRAL, DE CENTRO POBLADO CHALLUARACRA DISTRITO DE HUAMBOS DE LA PROVINCIA DE CHOTA DEL DEPARTAMENTO DE CAJAMARCA¿ CON CUI 2669678', 'LP-ABR-1-2026-MDH-2', 493249.74, '2026-05-05', '2026-08-31', 0, 0, 0, '', '2026-06-11 16:32:22'),
  (32, 'CONSORCIO ALAMEDA', '20611807083', 'VASQUEZ VERGARA IVAN', 'EJECUCON DE OBRA: MEJORAMIENTO DE LOS SERVICIOS RECREATIVOS Y CULTURALES EN LA ALAMEDA PERU DE TINGO MARIA DEL DISTRITO DE RUPA RUPA - PROVINCIA DE LEONCIO PRADO - DEPARTAMENTO DE HUANUCO.', 'LP-SM-13-2023-GRH/CS-1', 14641428.57, '2023-11-28', '2024-11-27', 0, 0, 0, '', '2026-06-11 19:38:34'),
  (33, 'CONSORCIO SAN MARTIN UNI', '20489530261', 'ENCISO FLORES LUIS ENRIQUE', 'Ejecución de la Obra 2343009: Mejoramiento de los Servicios Académicos y Administrativos de la Escuela Profesional de Arquitectura de la Facultad de Ingeniería Civil y Arquitectura de la Universidad Nacional de San Martin - Ciudad Universitaria, Distrito De Morales, Provincia De San Martín - San Martín¿.', 'LP-SM-2-2022-UNSM/CS-1', 31197057.29, NULL, NULL, 0, 0, 0, '', '2026-06-11 19:48:00'),
  (34, 'CONSORCIO SAN MARTIN HILARIO', '20489530261', 'ENCISO FLORES LUIS ENRIQUE', 'Ejecución de la obra: "MEJORAMIENTO Y AMPLIACION DEL SERVICIO DE AGUA POTABLE E INSTALACION DEL SERVICIO DE SANEAMIENTO EN EL CENTRO POBLADO DE NUEVO EGIPTO, DISTRITO DE SAN HILARION - PICOTA - SAN MARTIN", Código Único N° 2295626', 'LP-SM-1-2022-MDSH/CS-1', 5055882.83, NULL, NULL, 0, 0, 0, '', '2026-06-15 15:29:24'),
  (35, 'CONSORCIO TOCACHE', '20489530261', 'ENCISO FLORES LUIS ENRIQUE', 'EJECUCION DE LA OBRA: "MEJORAMIENTO Y AMPLIACION DEL SISTEMA DE AGUA POTABLE Y ALCANTARILLADO EN EL CENTRO POBLADO DE SAN JUAN DE PORONGO DEL DISTRITO DE UCHIZA, PROVINCIA DE TOCACHE, DEPARTAMENTO DE SAN MARTIN" CODIGO UNICO DE INVERSIONES 2467601', 'LP-SM-1-2021-GTAH-TO-1', 12999927.42, '2021-12-10', '2022-12-30', 0, 0, 0, '', '2026-06-15 15:38:31'),
  (36, 'CONSORCIO MOTILONES', '20489530261', 'ENCISO FLORES LUIS ENRIQUE', 'MEJORAMIENTO Y AMPLIACION DEL SISTEMA DE ALCANTARILLADO EN LA LOCALIDAD DE LAMAS, DISTRITO DE LAMAS, PROVINCIA DE LAMAS-SAN MARTIN', 'LP-SM-1-2023-MPL/CS-1', 37327356.78, '2023-12-11', '2025-02-03', 0, 0, 0, '', '2026-06-15 15:42:58'),
  (37, 'SAN FRANCISCO', '20615153053', 'MAGARIÑO VASQUEZ JOFFRE', 'EJECUCION DE LA OBRA: INSTALACION Y AMPLIACIÓN DEL SERVICIO DE SANEAMIENTO BÁSICO INTEGRAL EN LAS LOCALIDADES DE CARAMARCA Y HUANCABAMBA, DISTRITO DE SAN FRANCISCO DE ASIS - LAURICOCHA - HUANUCO, CUI N°2314890', 'LP-SM-1-2025-MDSFA/CS-1', 8037832, '2025-12-10', '2026-09-30', 0, 0, 0, '', '2026-06-15 16:06:24'),
  (38, 'CONSORCIO WANUKU', '20614917980', 'PINZAS GROZZ JOSEPH ANTONIO', 'Ejecución de la OBRA:"CREACIÓN DEL SISTEMA DE AGUA POTABLE Y ALCANTARILLADO EN EL C.P. SAN JOSE DEL DISTRITO DE CHIMBOTE ¿ PROVINCIA DEL SANTA - DEPARTAMENTO DE ANCASH¿ con CUI Nª 2557462¿', 'LP-ABR-25-2025-MPS-CS-1', 1534538.74, '2025-10-27', '2026-03-26', 0, 0, 0, '', '2026-06-15 16:14:18'),
  (39, 'CONSORCIO VISTA ALEGRE', '20489544998', 'ESPINOZA LAGUNA CRISOSTOMO JULIO', 'EJECUCION DE LA OBRA: MEJORAMIENTO Y AMPLIACION DEL SERVICIO DE AGUA DEL SISTEMA DE RIEGO EN LAS LOCALIDADES DE VISTA ALEGRE Y ANDAHUAYLLA, DISTRITO Y PROVINCIA DE AMBO, REGION HUANUCO', 'LP-SM-3-2020-GRH/GR-1', 10416668.41, NULL, NULL, 0, 0, 0, '', '2026-06-15 16:20:22'),
  (40, 'CONSORCIO TINGO MARIA', '20612361470', 'PEÑA RAMIREZ DIEGO FELIX', 'CONTRATACIÓN DE LA EJECUCIÓN DE LA OBRA:\\n¿MEJORAMIENTO DE LA CALIDAD DE SERVICIOS EDUCATIVOS DE LA CARRERA PROFESIONAL DE INGENIERÍA FORESTAL DE LA FACULTAD DE RECURSOS NATURALES RENOVABLES EN LA UNIVERSIDAD NACIONAL AGRARIA DE LA SELVA EN LA LOCALIDAD DE TINGO MARÍA, DISTRITO DE RUPA RUPA, PROVINCI', 'AS-SM-4-2024-UNAS-1', 15148081.21, '2024-04-11', '2025-02-13', 0, 0, 0, '', '2026-06-15 16:59:41'),
  (41, 'CONSORCIO EJECUTOR NOVAMA', '20607120626', 'NOLI ZEVALLOS GIANFRANCO AMADEO', 'EJECUCIÓN DE LA OBRA MEJORAMIENTO Y AMPLIACIÓN DEL SERVICIO DE AGUA POTABLE Y ALCANTARILLADO EN LAS LOCALIDADES DE SINTO PUEBLO NUEVO, ESMERALDA, VISTA ALEGRE, PUCACANCHA Y CASTROVIRREYNA, PROVINCIA DE CASTROVIRREYNA - HUANCAVELICA', 'AS-SM-3-2020-MPC/CS-1', 5900000, NULL, NULL, 0, 0, 0, '', '2026-06-15 17:08:29'),
  (42, 'CONSORCIO HUACAR', '20610362461', 'PRUDENCIO AQUINO DAVID ROLANDO', 'EJECUCIÓN DE OBRA "MEJORAMIENTO DEL SERVICIO DE SALUD HUÁCAR DE LA MICRO RED HUÁCAR, DISTRITO DE HUÁCAR-AMBO-HUÁNUCO"', 'LP-SM-1-2022-MDH/CS-1', 32731363.28, '2022-12-19', '2024-02-29', 0, 0, 0, '', '2026-06-15 17:14:20'),
  (43, 'CONSORCIO ALVAMAR', '20613533151', 'ALVAREZ APAZA GUSTAVO ENRIQUE', 'CONTRATACION DEL SERVICIO: "MEJORAMIENTO DE LA TRASFERENCIA TECNOLOGICA DEL GANADO VACUNO LECHERO EN LA CUENCA BAJA DEL RIO COATA, DISTRITO DE HUATA, COATA, CAPACHICA Y PAUCARCOLLADE LA PROVINCIA DE PUNO Y DISTRITO DE CARACOTO - PROVINCIA DE SAN ROMAN, DEPARTAMENTO DE PUNO" CON CUI N° 2434687', 'CP-SM-2-2024-MIDAGRI-PEBLT-1', 4895683.08, '2024-12-20', '2025-04-20', 0, 0, 0, '', '2026-06-18 14:15:11'),
  (44, 'CONSORCIO SALUD GOYLLAR', '20612230120', 'OSORIO ROJAS LITMAN JHONNI', 'CONTRATACION DE LA EJECUCION DE LA OBRA "MEJORAMIENTO DEL SERVICIO DE ATENCION DE SALUD BASICO EN GOYLLARISQUIZGA DISTRITO DE GOYLLARISQUIZGA DE LA PROVINCIA DE DANIEL ALCIDES CARRION DEL DEPARTAMENTO DE PASCO CON CUI N°2594022', 'AS-Ley 31728-SM-5-2023-CS-GRP-1', 4697663.19, '2024-03-08', '2024-07-21', 0, 0, 0, '', '2026-06-18 14:18:59'),
  (45, 'CONSORCIO SANEAMIENTO ANTACOLPA', '20615181481', 'JAPA CASTRO SANDRA LESLIE', 'EJECUCION DE LA OBRA: "MEJORAMIENTO Y AMPLIACION DE LOS SERVICIOS DE AGUA POTABLE, ALCANTARILLADO, PLANTA DE TRATAMIENTO DE AGUAS RESIDUALES Y CREACION DE UNIDADES BASICO DE SANEAMIENTO EN LA LOCALIDAD ANTACOLPA DEL DISTRITO DE SAN MIGUEL DE CAURI - PROVINCIA DE LAURICOCHA - DEPARTAMENTO DE HUÁNUCO"', 'LP-SM-1-2025-MDSMC/C-1', 8589340.12, '2026-12-10', '2026-08-19', 0, 0, 0, '', '2026-06-18 14:34:52'),
  (46, 'CONSORCIO ROAD MAKERS', '20610974202', 'DAVILA VILLANUEVA ALEXANDER', 'EJECUCIÓN DE LA OBRA: CREACIÓN DEL PUENTE PEATONAL SANTA ROSA DE MISHOLLO Y TUPAC AMARU DEL DISTRITO DE POLVORA PROVINCIA DE TOCACHE DEPARTAMENTO DE SAN MARTÍN, con CUI N° 2437040.', 'LP-SM-2-2023-GRSM/CS-1', 22643547.52, '2023-07-19', '2024-05-26', 0, 0, 0, '', '2026-06-18 14:45:29'),
  (47, 'CONSORCIO GEOPERSYS', '20609490358', 'MELENDEZ LEZAMETA YURANDIR', 'INVESTIGACIONES DE GEOTECNICA PARA LA "REVISIÓN Y OPTIMIZACIÓN DEL ESTUDIO DE PERFIL DE LA CARRETERA DANIEL ALCIDES CARRIÓN (CDAC-NCC)" Y PARA "LOS ESTUDIOS DEFINITIVOS DE INGENIERÍA DE LA CARRETERA DANIEL ALCIDES CARIÓN (CDAC-NCC)" TAMBIEN DENOMINADA INVESTIGACIONES GEOTÉCNICAS Y GEOLÓGICAS EN FASE 1 - REVISIÓN DE PERFIL (ETAPA 2) Y FASE 2 - ESTUDIO DEFINITIVO DE INGENIERÍA', 'CONV-PROC-2-2022-MTC/20-1', 9609687.5, '2023-03-30', '2024-06-21', 0, 0, 0, '', '2026-06-18 14:50:50'),
  (48, 'VECTOR CCG CONTRATISTAS CONSULTORES GENERALES EMPRESA INDIVIDUAL DE RESPONSABILIDAD LIMITADA', '20489530261', 'ENCISO FLORES LUIS ENRIQUE', 'CONTRATACIÓN PARA LA EJECUCIÓN DE LA OBRA:\\nEJECUCIÓN DE LA OBRA: MEJORAMIENTO DE LOS SERVICIOS EDUCATIVOS DE LA I.E SAN JUAN KM. 71 EN LA LOCALIDAD DE SAN JUAN KM 71, DISTRITO DE NESHUYA, PROVINCIA DE PADRE ABAD - REGION UCAYALI CUI N° 2339606¿', 'LP-SM-1-2025-GRU-GTPA-1', 18887396.02, '2025-12-17', '2027-02-22', 0, 0, 0, '', '2026-06-18 15:03:37'),
  (49, 'CONSORCIO EDUCATIVO SUNGARO', '20615492991', 'HUAMAN TRUJILLO ALINDA RITA', 'CONTRATACIÓN PARA LA EJECUCIÓN DE LA OBRA: MEJORAMIENTO Y AMPLIACION DEL SERVICIO DE EDUCACIÓN INICIAL EN 155 - PUERTO INCA DE CENTRO POBLADO PUERTO SUNGARO DISTRITO DE PUERTO INCA DE LA PROVINCIA DE PUERTO INCA DEL DEPARTAMENTO DE HUANUCO.', 'LP-ABR-63-2025-GRH/C-2', 9288960.25, '2026-03-05', '2026-12-14', 0, 0, 0, '', '2026-06-18 17:16:45'),
  (50, 'CONSORCIO MONUMENTAL', '20608599194', 'TORRES ROJAS JOSHEP OSCAR', 'Ejecución de Obra: MEJORAMIENTO DE LOS SERVICIOS DEPORTIVOS DEL ESTADIO MUNICIPAL DE LA CIUDAD PANAO, DISTRITO DE PANAO, PROVINCIA DE PACHITEA, REGIÓN DE HUÁNUCO.', 'LP-SM-1-2021-MPP/CS-1', 7382505.63, '2021-10-29', '2022-04-28', 0, 0, 0, '', '2026-06-18 17:25:05'),
  (51, 'CONSORCIO EJECUTORES CHALACOS', '20556808768', 'ESPINOZA ZANABRIA LEOCADIO', 'CONTRATACIÓN DE LA EJECUCIÓN DE OBRA: MEJORAMIENTO DE LOS SERVICIOS ADMINISTRATIVOS FACULTAD DE PESQUERIA DEL DISTRITO DE LA MOLINA - PROVICNIA DE LIMA - DEPARTAMENTO DE LIMA, CON CÓDIGO 2412950', 'LP-SM-2-2023-UNALM-1', 7534992.12, '2023-07-14', '2024-03-31', 0, 0, 0, '', '2026-06-18 17:27:56'),
  (52, 'CONSORCIO C & C', '20611649879', 'PRUDENCIO AQUINO DAVID ROLANDO', 'EJECUCION DE LA OBRA: CONSTRUCCION DE INFRAESTRUCTURA EDUCATIVA EN LA INSTITUCION EDUCATIVA JOSE CARLOS MARIATEGUI, DISTRITO DE JOSE CRESPO Y CASTILLO- LEONCIO PRADO- HUANUCO', 'LP-SM-9-2023-GRH/CS-1', 25349911.43, '2023-10-20', '2025-03-30', 0, 0, 0, '', '2026-06-18 17:35:15'),
  (53, 'CONSORCIO CHIRAPATAN', '20615172813', 'CALZADA FRANCO JOSE LUIS', 'CONTRATACIÓN PARA LA EJECUCIÓN DE LA OBRA: MEJORAMIENTO DEL SERVICIO DE PROVISIÓN DE AGUA PARA RIEGO EN LOS SECTORES DE CHIRAPATAN, QOLQABAMBA, PIQUIRARA, HUIXAPUQUIO, YANACSO Y AMARU DEL ANEXO CHIRAPATAN DE LA COMUNIDAD CAMPESINA DE MADRE CCAYAO DEL DISTRITO DE HAQUIRA DE LA PROVINCIA DE COTABAMBAS', 'LP-SM-1-2025-MDH/C-1', 13038812.79, '2025-12-08', '2026-09-30', 0, 0, 0, '', '2026-06-19 21:42:16'),
  (54, 'CONSORCIO SANGIANLI', '20613227831', 'ANGEL VERTIZ JEAN EDISON', 'MEJORMIENTO Y AMPLIACIÓN DE LOS SERVICIOS DEL COMEDOR UNIVERSITARIO DE LOS ESTUDIANTES DE PREGRADO DE LA UNIVERSIDAD NACIONAL HERMILIO VALDIZAN, DISTRITO DE PILLCO MARCA - PROVINCIA DE HUÁNUCO - DEPARTAMENTO DE HUÁNUCO CUI N°2567762.', 'LP-SM-3-2024-UNHEVAL/CS-1', 5316777, '2024-11-07', '2025-08-14', 0, 0, 0, '', '2026-06-24 19:35:24'),
  (55, 'CONSORCIO SAN JUAN 71', '20611938196', 'SALINAS CRUZ GEANPIERRE FABRIZIO', 'EJECUCION DE LA OBRA: "MEJORAMIENTO DEL SERVICIO EDUCATIVO DE LA I.E. N 64805 - CASERIO SAN JUAN KM. 71 C.F.B. - DISTRITO DE NESHUYA - PROVINCIA DE PADRE ABAD - REGION UCAYALI". CUI N° 2402798', 'LP-SM-5-2023-GRU-GR-CS-1', 10798608.65, '2024-01-30', '2024-11-29', 0, 0, 0, '', '2026-06-25 13:54:22'),
  (56, 'CISMINIG DIAZ INGENIEROS S.C.R.L.', '20489304687', 'DIAZ ESQUIVEL MACCLOVER CHARLES', 'CONTRATACIÓN DE LA EJECUCIÓN DE LA OBRA: MEJORAMIENTO DEL SERVICIO DE EDUCACIÓN DEL NIVEL INICIAL DE LA I.E. 1733 MI MUNDO MARAVILLOSO, DEL DISTRITO Y PROVINCIA DE TRUJILLO, REGIÓN LA LIBERTAD, CUI 2319327', 'LP-SM-4-2021-GRLL-GRCO-1', 3128538.23, '2021-11-26', '2022-05-22', 0, 0, 0, '', '2026-06-25 15:39:51'),
  (57, 'CONSORCIO INGENIERIA II', '20510591829', 'BENITEZ GARCIA JUAN CARLOS', 'SALDO DE OBRA DEL PROYECTO: MEJORAMIENTOY AMPLIACION DE LOS SERVICIOS DE PROTECCION INTEGRAL A ADOLESCENTES MUJERES DE 13 A 17 AÑOS EN EL CENTRO DE ATENCION RESIDENCIAL ERMELINDA CARRERA, DISTRITO DE SAN MIGUEL, PROVINCIA DE LIMA Y DEPARTAMENTO DE LIMA', 'AS-SM-9-2022-INABIF-1', 10429849.58, NULL, NULL, 0, 0, 0, '', '2026-06-25 16:26:22'),
  (58, 'CONSORCIO NEXUS', '', '', 'EJECUCION DE OBRA: RENOVACION DE PUENTE; EN EL (LA) VIA VECINAL RUTA HU-1056 LAJAS - CRUCE CHUCHUPION MARAY (PUENTE-MASMA) EN EL CENTRO POBLADO SHUPASH, DISTRITO DE SAN RAFAEL, PROVINCIA AMBO, DEPARTAMENTO HUANUCO", CUI N°2671726.', 'LP-ABR-1-2026-MDSR/C-1', 1864521.12, NULL, NULL, 0, 0, 0, '', '2026-06-26 17:52:10'),
  (59, 'CONSORCIO PAUCARTAMBO', '', '', '', '', 0, NULL, NULL, 0, 0, 0, '', '2026-06-30 15:43:00'),
  (60, 'CONSORCIO DALAS', '20614871751', 'JARA AGUIRRE DAVID ALBERT', 'CONTRATACION PARA LA EJECUCIÓN DE OBRA ¿MEJORAMIENTO Y AMPLIACIÓN DEL SERVICIO DE PRACTICA DEPORTIVA Y/O RECREATIVA EN EL ESTADIO ¿LOS CAMPEONES DEL VALLE DORADO¿ DISTRITO DE HUAYHUAY DE LA PROVINCIA DE YAULI DEL DEPARTAMENTO DE JUNIN" CUI: Nº 2600800 - SEGUNDA ETAPA', 'LP-ABR-5-2025-MDH/C-1', 1448380.83, '2025-10-16', '2026-01-29', 0, 0, 0, '', '2026-06-30 15:49:45'),
  (61, 'GRUPO EMPRESARIAL ORFA NEGOCIOS CONSTRUCCIONES & SERVICIOS S.A.C.', '20607488003', 'ORTIZ SUAREZ JORGE LUIS', 'EJECUCION DE OBRA: MEJORAMIENTO DEL SERVICIO VIAL EN EL A.H. MANUEL GONZALES PRADA, DISTRITO DE CASTILLA ¿ PIURA ¿ PIURA. META: CONTRRUCCION DE PISTAS Y VEREDAS DE LA CALLE LOS PINOS Y EL PASAJE ALFONSO UGARTE CUI 2197908', 'LP-ABR-3-2026-MDC-C-1', 914904.33, '2026-04-16', '2026-06-30', 0, 0, 0, '', '2026-06-30 15:57:38'),
  (62, 'INGENIERIA Y CONSTRUCCION MAXIMO S.A.C. - ICOMAX S.A.C.', '20601085845', 'MAMANI RODRIGUEZ HENRRY EDWARD', 'CONTRATACION DE EJECUCION DEL PROYECTO - SALDO DE OBRA: ¿CONSTRUCCION DE LA VIA REGIONAL AREQUIPA ¿ LA JOYA EN LAS PROGRESIVAS KM 0+000 AL KM 24+540, DISTRITOS DE CERRO COLORADO ¿ LA JOYA, AREQUIPA, COMPONENTE 01: PUENTE Y ACCESOS¿ CON CUI: 2233862', 'DIRECTA-DIRECTA-1-2026-GRA-1', 5166327.5, '2026-02-09', '2026-03-26', 0, 0, 0, '', '2026-06-30 16:02:20'),
  (63, 'CONSORCIO VIAL CALEMAR', '20614379325', 'LUCAS MEZA YERSON RODOLFO', 'EJECUCIÓN DE OBRA: REHABILITACIÓN DE CAMINO DEPARTAMENTAL-33.251 KM EN BUENOS AIRES-CONDORMARCA-EMP.LI-124 (DV. CALEMAR) PROVINCIA DE BOLIVAR-DEPARTAMENTO. LA LIBERTAD, CON CUI N° 2594574', 'LP-SM-1-2025-MPB/CS-1', 67706187.71, '2026-07-07', '2026-12-31', 0, 0, 0, '', '2026-06-30 16:11:57'),
  (64, 'CONSORCIO PAVIMENTOS BELLA UNION', '20531818726', 'LECCA HUAMAN FREDDY ROBERTO', 'CONTRATACIÓN PARA LA EJECUCIÓN DE LA OBRA: ¿MEJORAMIENTO DE LA TRANSITABILIDAD VEHICULAR Y PEATONAL EN EL CENTRO POBLADO SAN FRANCISCO DEL DISTRITO DE BELLA UNION - PROVINCIA DE CARAVELI - DEPARTAMENTO DE AREQUIPA¿ CUI N° 2474080', 'LP-ABR-1-2025-MDBU/C-1', 3013591.79, '2025-12-19', '2026-04-19', 0, 0, 0, '', '2026-06-30 17:18:16'),
  (65, 'CONSORCIO EDUCACION PEY', '20616080157', 'RAMOS FLORES MAICOL', 'EJECUCION DE OBRA MEJORAMIENTO DEL SERVICIO EDUCATIVO EN LA I.E.S JOSE ANTONIO ENCINAS FRANCO, CENTRO POBLADO DE LECHEMAYO, DEL DISTRITO DE SAN GABAN PROVINCIA DE CARABAYA, REGION PUNO, CUI. 2344253, SISTEMA DE ENTREGA DE SOLO CONSTRUCCION', 'LP-SM-9-2026-GR PUNO/CS-1', 12319741.23, '2026-06-19', '2027-01-31', 0, 0, 0, '', '2026-06-30 17:21:52'),
  (66, 'CONSORCIO EJECUTOR CHAVIN', '20615716503', 'SALIS ANDRES NAPOLEON YOURDANO', 'CONTRATACIÓN PARA LA EJECUCIÓN DE LA OBRA: "CREACION DE PISTA Y VEREDAS EN LA LOCALIDAD DE CHAVIN DE PARIARCA - DISTRITO DE CHAVIN DE PARIARCA, HUAMALIES - HUANUCO" CON CUI N° 2341886', 'LP-SM-1-2026-MDCHP/C-1', 8507457.12, '2026-04-08', '2026-11-25', 0, 0, 0, '', '2026-06-30 19:29:54'),
  (67, 'CONSORCIO JACAS GRANDE', '20542450925', 'LOPEZ CORNEJO GONZALO JAVIER', 'EJECUCION DE LA OBRA: CREACION DE PISTAS Y VEREDAS DE LAS LOCALIDADES DE CULQUISH, CASCANGA Y CARHUAPATA, DISTRITO DE JACAS GRANDE- HUAMALIES - HUANUCO - SEGUNDA ETAPA', 'AS-DU114 2020-SM-6-2020-MDJG/CS-1', 6446817.78, NULL, NULL, 0, 0, 0, '', '2026-06-30 20:06:18'),
  (68, 'CONSORCIO CALLA', '', '', 'EJECUCION DE OBRA: ¿REHABILITACION Y MEJORAMIENTO DEL CAMINO VECINAL EMP. PE.3SF ¿ CALLA ¿ CCOCHAPATA ¿ EMP PE ¿ 3SF EN EL DISTRITO DE COTABAMBAS, PROVINCIA DE COTABAMBAS ¿ APURIMAC¿ - CUI Nº 2320457.', 'LP-SM-16-2025-MTC/21.-1', 11892076.85, NULL, NULL, 0, 0, 0, '', '2026-06-30 20:21:36'),
  (69, 'CONSORCIO BARRANCO', '20609945568', 'ANDRADE MARQUEZ GERONIMO', 'EJECUCIÓN DE OBRA: MEJORAMIENTO E INSTALACIÓN DE LOS SERVICIOS TURÍSTICOS PÚBLICOS DE LA RUTA TURÍSTICA DESCUBRIENDO BARRANCO, EN EL DISTRITO DE BARRANCO PROVINCIA DE LIMA, CON CUI 2167295 - REFORZAMIENTO Y MEJORAMIENTO DE LAS INSTALACIONES DEL PUENTE DE LOS SUSPIROS', 'LP-ABR-3-2025-COPESCO NACIONAL-2', 1027354.7, NULL, NULL, 0, 0, 0, '', '2026-06-30 20:25:16'),
  (70, 'CONSORCIO CHINCHAYSUYO', '20614473534', 'PINZAS GROZZ JOSEPH ANTONIO', 'Saldo de Obra N°01 del proyecto: ¿CREACIÓN DE LOS SERVICIOS DE AGUA POTABLE EN EL A.H. SANTA ROSA, A.H. LAS LOMAS Y AMPLIACIÓN SANTA ROSA, CENTRO POBLADO DE CAMBIO PUENTE-DISTRITO DE CHIMBOTE - PROVINCIA DE SANTA-REGIÓN - ANCASH¿ CON CUI N°2397592', 'LP-ABR-11-2025-MPS-CS-1', 3353182.81, '2025-06-15', '2026-01-11', 0, 0, 0, '', '2026-06-30 20:28:13'),
  (71, 'CONSORCIO JUVENTUD TICUMPINIA', '20556808768', 'ESPINOZA ZANABRIA LEOCADIO', 'CONTRATACIÓN PARA LA EJECUCIÓN DE LA OBRA:¿MEJORAMIENTO Y AMPLIACION DEL SERVICIO DE AGUA POTABLE, ALCANTARILLADO Y SISTEMA DE TRATAMIENTO DE AGUAS RESIDUALES EN LA COMUNIDAD NATIVA DE TICUMPINIA DEL DISTRITO DE MEGANTONI - PROVINCIA DE LA CONVENCION - DEPARTAMENTO DE CUSCO¿ . Sec. Fun. (0024)', 'LP-SM-7-2023-MDM/CS-1', 20788054.15, '2023-09-18', '2024-06-15', 0, 0, 0, '', '2026-06-30 20:33:59'),
  (72, 'CONSORCIO YAULI DVG', '20609499932', 'LLANOS BASILIO ROSANA', 'EJECUCION DE LA OBRA: MEJORAMIENTO Y AMPLIACIÓN DEL CEMENTERIO GENERAL DEL DISTRITO DE YAULI - PROVINCIA DE YAULI - DEPARTAMENTO DE JUNÍN.', 'AS-SM-5-2022-CS/MDY-2', 1532422.6, NULL, NULL, 0, 0, 0, '', '2026-06-30 20:38:45');

-- ------------------------------------------------------------
-- Tabla: cartas_fianzas
-- ------------------------------------------------------------
DROP TABLE IF EXISTS `cartas_fianzas`;
CREATE TABLE IF NOT EXISTS `cartas_fianzas` (
  `id` INT NOT NULL AUTO_INCREMENT,
  `empresa_id` INT,
  `tipo` ENUM('Fiel Cumplimiento','Adelanto de Materiales','Adelanto Directo') NOT NULL,
  `numero` VARCHAR(255) NOT NULL,
  `fecha_inicio` DATE,
  `fecha_vencimiento` DATE,
  `monto` DECIMAL(15,2) NOT NULL,
  `pdf_path` TEXT,
  `observaciones` TEXT,
  `created_at` DATETIME DEFAULT CURRENT_TIMESTAMP,
  PRIMARY KEY (`id`),
  FOREIGN KEY (`empresa_id`) REFERENCES `empresas`(`id`) ON DELETE CASCADE
) ENGINE=InnoDB DEFAULT CHARSET=utf8mb4;

INSERT INTO `cartas_fianzas` (`id`, `empresa_id`, `tipo`, `numero`, `fecha_inicio`, `fecha_vencimiento`, `monto`, `pdf_path`, `observaciones`, `created_at`) VALUES
  (1, 1, 'Adelanto Directo', '15412-0881-2025-000', '2025-10-10', '2026-01-07', 641449.79, NULL, '', '2026-06-01 14:30:36'),
  (2, 2, 'Adelanto Directo', '15412-0859-2025-000', '2025-10-01', '2025-12-29', 639966.26, NULL, '', '2026-06-01 15:31:45'),
  (3, 3, 'Fiel Cumplimiento', '15411-1783-2025-000', '2025-09-03', '2026-01-30', 2228723.92, NULL, '', '2026-06-01 15:36:37'),
  (4, 4, 'Fiel Cumplimiento', '15411-1542-2025-002', '2026-01-31', '2026-03-30', 83258.56, NULL, '', '2026-06-01 15:42:51'),
  (5, 4, 'Fiel Cumplimiento', '15411-1542-2025-001', '2025-11-02', '2026-01-30', 83258.56, NULL, '', '2026-06-01 15:43:39'),
  (6, 4, 'Fiel Cumplimiento', '15411-1542-2025-000', '2025-08-04', '2025-11-01', 83258.56, NULL, '', '2026-06-01 15:44:22'),
  (7, 5, 'Fiel Cumplimiento', '15411-2193-2025-000', '2025-10-14', '2026-01-11', 57842.82, NULL, '', '2026-06-01 15:52:57'),
  (8, 6, 'Adelanto de Materiales', '15413-0555-2025-000', '2025-10-27', '2026-01-24', 189436.12, NULL, '', '2026-06-01 15:56:04'),
  (9, 7, 'Adelanto Directo', '15412-0986-2025-001', '0026-02-09', '2026-05-09', 1750000, NULL, '', '2026-06-01 16:01:23'),
  (10, 7, 'Adelanto Directo', '15412-0986-2025-000', '2025-11-11', '2026-02-08', 1750000, NULL, '', '2026-06-01 16:02:07'),
  (11, 8, 'Adelanto de Materiales', '15413-0693-2025-000', '2025-12-16', '2026-03-15', 1500000, NULL, '', '2026-06-01 16:18:38'),
  (12, 8, 'Adelanto Directo', '15412-0953-2025-000', '2025-11-04', '2026-02-01', 874043.91, NULL, '', '2026-06-01 16:24:00'),
  (13, 8, 'Adelanto de Materiales', '15413-0693-2025-001', '2026-03-16', '2026-06-13', 1500000, NULL, '', '2026-06-01 16:25:19'),
  (14, 8, 'Adelanto Directo', '15412-0953-2025-001', '2026-02-02', '2026-05-02', 874043.91, NULL, '', '2026-06-01 16:27:26'),
  (15, 9, 'Fiel Cumplimiento', '15411-2280-2025-000', '2025-10-21', '2026-03-16', 811904.08, NULL, '', '2026-06-01 16:36:25'),
  (16, 10, 'Fiel Cumplimiento', '15411-2552-2025-000', '2025-11-13', '2026-03-12', 126118.26, NULL, '', '2026-06-01 16:41:16'),
  (17, 10, 'Adelanto Directo', '15412-1080-2025-000', '2025-11-28', '2026-02-25', 126118, NULL, '', '2026-06-01 16:41:54'),
  (18, 10, 'Adelanto de Materiales', '15413-0710-2025-000', '2025-12-18', '2026-03-17', 252236.52, NULL, '', '2026-06-01 16:42:29'),
  (19, 11, 'Adelanto de Materiales', '15413-0671-2025-000', '2025-12-01', '2026-02-28', 2104017.12, NULL, '', '2026-06-01 16:52:11'),
  (20, 11, 'Adelanto Directo', '15412-0792-2025-000', '2025-09-22', '2025-12-20', 1052008.56, NULL, '', '2026-06-01 16:53:03'),
  (21, 12, 'Adelanto de Materiales', '15413-0545-2025-000', '2025-10-23', '2026-01-20', 119316.79, NULL, '', '2026-06-01 17:02:11'),
  (22, 12, 'Adelanto Directo', '15412-0845-2025-000', '2025-10-07', '2026-01-04', 119316.79, NULL, '', '2026-06-01 17:03:23'),
  (23, 13, 'Fiel Cumplimiento', '15411-2520-2025-000', '2025-11-11', '2026-02-08', 38600, NULL, '', '2026-06-01 17:16:54'),
  (24, 14, 'Adelanto Directo', '15412-0887-2025-002', '2026-12-18', '2026-06-16', 2743450.1, NULL, '', '2026-06-01 17:20:55'),
  (25, 14, 'Adelanto de Materiales', '15413-0708-2025-000', '2025-12-18', '2026-03-17', 2743450.1, NULL, '', '2026-06-01 17:21:40'),
  (26, 15, 'Adelanto Directo', '15412-0907-2025-000', '2025-10-23', '2026-01-20', 292941.07, NULL, '', '2026-06-01 17:27:41'),
  (27, 15, 'Adelanto de Materiales', '15413-0595-2025-000', '2025-11-11', '2026-02-08', 585882.14, NULL, '', '2026-06-01 17:28:22'),
  (28, 16, 'Adelanto Directo', '15412-0659-2025-000', '2025-08-18', '2025-11-15', 62791.75, NULL, '', '2026-06-01 17:37:45'),
  (29, 16, 'Adelanto Directo', '15412-0659-2025-001', '2025-11-16', '2026-02-13', 62791.75, NULL, '', '2026-06-01 17:38:28'),
  (30, 16, 'Adelanto Directo', '15412-0659-2025-002', '2026-02-14', '2026-05-14', 62791.75, NULL, '', '2026-06-01 17:39:06'),
  (31, 16, 'Adelanto Directo', '15412-0659-2025-003', '2026-05-15', '2026-08-12', 62791.75, NULL, '', '2026-06-19 21:20:51'),
  (32, 53, 'Adelanto de Materiales', '15413-0096-2026-', '2026-03-13', '2026-06-10', 1303881.28, 'AD_000_CHIRAPATAN.pdf', '', '2026-06-19 21:48:25'),
  (33, 47, 'Fiel Cumplimiento', 'E0110-00-2023', '2023-01-18', '2023-08-15', 460195.14, NULL, '', '2026-06-23 15:46:20'),
  (34, 47, 'Fiel Cumplimiento', 'E0110022023-001', '2024-02-10', '2024-05-09', 460195.14, NULL, '', '2026-06-23 15:51:00'),
  (35, 47, 'Fiel Cumplimiento', 'E0110022023-002', '2024-05-10', '2024-06-08', 460195.14, NULL, '', '2026-06-23 15:52:05'),
  (36, 47, 'Fiel Cumplimiento', 'E0110022023-005', '2024-12-06', '2025-03-05', 460195.14, NULL, '', '2026-06-23 15:53:07'),
  (37, 47, 'Fiel Cumplimiento', 'E0110022023-007', '2025-06-04', '2025-09-01', 460195.14, NULL, '', '2026-06-23 15:53:56'),
  (38, 47, 'Fiel Cumplimiento', 'E0110022023-008', '2025-09-02', '2025-11-30', 460195.14, NULL, '', '2026-06-23 15:54:44'),
  (39, 47, 'Fiel Cumplimiento', 'E0110022023-009', '2025-12-01', '2025-02-28', 460195.14, NULL, '', '2026-06-23 15:55:51'),
  (40, 47, 'Fiel Cumplimiento', 'E0110022023-010', '2026-03-01', '2026-05-29', 460195.14, NULL, '', '2026-06-23 15:56:42'),
  (41, 47, 'Fiel Cumplimiento', '15411-0300-2024-000', '2024-04-04', '2024-06-02', 18874.44, NULL, '', '2026-06-23 16:00:59'),
  (42, 47, 'Fiel Cumplimiento', '15411-0513-2025-001', '2025-07-19', '2025-10-16', 194261.32, NULL, '', '2026-06-23 16:05:13'),
  (43, 47, 'Fiel Cumplimiento', '15411-0513-2025-002', '2025-10-17', '2026-01-14', 194261.32, NULL, '', '2026-06-23 16:07:23'),
  (44, 47, 'Fiel Cumplimiento', '15411-0328-2025-000', '2025-02-21', '2025-06-20', 280636, NULL, '', '2026-06-23 16:10:54'),
  (45, 47, 'Fiel Cumplimiento', '15411-0328-2025-003', '2025-12-19', '2025-12-17', 208636, NULL, '', '2026-06-23 16:13:01'),
  (46, 47, 'Fiel Cumplimiento', '15411-0328-2025-004', '2025-12-18', '2026-03-17', 280636, NULL, '', '2026-06-23 16:13:58'),
  (47, 47, 'Fiel Cumplimiento', '15411-0328-2025-005', '2026-03-18', '2026-06-15', 280636, NULL, '', '2026-06-23 16:14:43'),
  (48, 47, 'Fiel Cumplimiento', '15411-0513-2025-004', '2026-04-15', '2026-07-13', 194261.32, NULL, '', '2026-06-23 16:16:33'),
  (49, 37, 'Fiel Cumplimiento', '15411-2716-2025-000', '2025-12-01', '2026-09-26', 803783.2, NULL, '', '2026-06-23 16:30:16'),
  (50, 37, 'Adelanto Directo', '15412-1140-2025-000', '2025-12-12', '2026-03-11', 803783.2, NULL, '', '2026-06-23 16:33:43'),
  (51, 37, 'Adelanto Directo', '15412-1140-2025-002', '2026-06-10', '2026-09-07', 803783.2, NULL, '', '2026-06-23 16:35:09'),
  (52, 37, 'Adelanto de Materiales', 'E1852-01-2022', '2022-09-11', '2022-12-09', 219087.05, NULL, '', '2026-06-23 16:36:58'),
  (53, 37, 'Adelanto de Materiales', 'E1852-02-2022', '2022-12-09', '2023-03-08', 2069284.37, NULL, '', '2026-06-23 16:38:02'),
  (54, 37, 'Adelanto de Materiales', 'E1852-03-2022', '2023-03-08', '2023-06-05', 2069284.37, NULL, '', '2026-06-23 16:39:15'),
  (55, 37, 'Adelanto de Materiales', 'E1852-04-2022', '2022-06-05', '2023-09-02', 2069284.37, NULL, '', '2026-06-23 16:39:58'),
  (56, 37, 'Adelanto de Materiales', 'E1852-05-2022', '2023-09-02', '2023-11-30', 2069284.37, NULL, '', '2026-06-23 16:41:40'),
  (57, 37, 'Adelanto de Materiales', 'E1852-05-2022', '2023-11-30', '2024-02-27', 1500000, NULL, '', '2026-06-23 16:42:42'),
  (58, 37, 'Adelanto de Materiales', 'E1852062022-001', '2024-02-28', '2024-05-27', 1500000, NULL, '', '2026-06-23 16:43:31'),
  (59, 37, 'Adelanto de Materiales', 'E1852062022-002', '2024-05-28', '2024-08-25', 1500000, NULL, '', '2026-06-23 16:50:08'),
  (60, 37, 'Adelanto de Materiales', 'E1852062022-003', '2024-08-26', '2024-11-23', 1500000, NULL, '', '2026-06-23 16:50:59'),
  (61, 37, 'Adelanto de Materiales', 'E1852062022-004', '2024-11-24', '2025-02-21', 1500000, NULL, '', '2026-06-23 16:51:42'),
  (62, 37, 'Adelanto de Materiales', 'E1852062022-005', '2025-02-22', '2025-05-22', 1500000, NULL, '', '2026-06-23 16:52:28'),
  (63, 37, 'Adelanto de Materiales', 'E1852062022-006', '2025-05-23', '2025-08-20', 1500000, NULL, '', '2026-06-23 16:53:02'),
  (64, 37, 'Adelanto de Materiales', 'E1852062022-007', '2025-08-21', '2025-11-18', 1500000, NULL, '', '2026-06-23 16:53:34'),
  (65, 37, 'Adelanto de Materiales', 'E1852062022-008', '2025-11-19', '2026-02-16', 1500000, NULL, '', '2026-06-23 16:54:22'),
  (66, 37, 'Adelanto Directo', '15412-1140-2025-001', '2026-06-10', '2026-09-07', 803783.2, NULL, '', '2026-06-23 16:55:13'),
  (67, 37, 'Adelanto de Materiales', 'E1852062022-000', '2026-05-18', '2026-08-15', 1500000, NULL, '', '2026-06-23 16:55:53'),
  (68, 37, 'Adelanto de Materiales', '15413-0179-2026-000', '2026-04-30', '2026-07-28', 1607566.4, NULL, '', '2026-06-23 16:56:44'),
  (69, 20, 'Fiel Cumplimiento', 'E1144-00-2023', '2023-06-19', '2024-03-14', 1205705.42, NULL, '', '2026-06-23 17:05:21'),
  (70, 20, 'Fiel Cumplimiento', '15411-1196-2024-000', '2024-08-13', '2024-11-10', 82915.2, NULL, '', '2026-06-23 17:06:06'),
  (71, 20, 'Fiel Cumplimiento', '15411-1527-2025-000', '2025-08-05', '2025-09-03', 74016.31, NULL, '', '2026-06-23 17:11:42'),
  (72, 20, 'Fiel Cumplimiento', '15411-2461-2025-000', '2025-10-30', '2026-01-27', 15767.38, NULL, '', '2026-06-23 17:12:30'),
  (73, 20, 'Fiel Cumplimiento', '15411-2461-2025-001', '2025-10-30', '2026-01-27', 15767.38, NULL, '', '2026-06-23 17:59:42'),
  (74, 20, 'Fiel Cumplimiento', '15411-1527-2025-002', '2025-09-04', '2025-12-02', 74016.31, NULL, '', '2026-06-23 19:43:06'),
  (75, 20, 'Fiel Cumplimiento', '15411-1527-2025-003', '2025-12-03', '2026-03-02', 74016.31, NULL, '', '2026-06-23 19:44:16'),
  (76, 20, 'Fiel Cumplimiento', 'E1144002023-008', '2025-12-05', '2026-03-04', 1205705.42, NULL, '', '2026-06-23 19:45:35'),
  (77, 20, 'Adelanto Directo', 'E1368-00-2023', '2023-07-07', '2023-10-04', 1205705.42, NULL, '', '2026-06-23 19:46:40'),
  (78, 20, 'Fiel Cumplimiento', '15411-1196-2024-007', '2026-05-05', '2026-08-02', 82915.2, NULL, '', '2026-06-23 19:49:42'),
  (79, 32, 'Fiel Cumplimiento', 'E3308-00-2023', '2023-11-16', '2024-12-09', 1464142.86, NULL, '', '2026-06-23 19:57:16'),
  (80, 32, 'Fiel Cumplimiento', '15411-0280-2025-000', '2025-02-10', '2025-05-10', 241813.69, NULL, '', '2026-06-23 19:58:28'),
  (81, 32, 'Fiel Cumplimiento', '15411-0280-2025-005', '2026-02-05', '2026-05-05', 214813.69, NULL, '', '2026-06-23 19:59:19'),
  (82, 32, 'Fiel Cumplimiento', '15411-3022-2025-001', '2025-12-19', '2026-03-18', 5317.26, NULL, '', '2026-06-23 20:01:05'),
  (83, 32, 'Fiel Cumplimiento', '15411-0280-2025-001', '2025-02-10', '2025-05-10', 214813.69, NULL, '', '2026-06-23 20:01:41'),
  (84, 32, 'Adelanto de Materiales', 'E3981-00-2023', '2023-12-28', '2024-03-26', 2196214.29, NULL, '', '2026-06-23 20:02:46'),
  (85, 32, 'Adelanto de Materiales', 'E3981002023-007', '2025-09-18', '2025-12-16', 2196214.29, NULL, '', '2026-06-23 20:03:42'),
  (86, 32, 'Adelanto de Materiales', 'E3981002023-008', '2025-12-17', '2026-03-16', 1071060.24, NULL, '', '2026-06-23 20:04:16'),
  (87, 32, 'Adelanto Directo', 'E3652002023-001', '2024-03-04', '2024-06-01', 146142.86, NULL, '', '2026-06-23 20:05:02'),
  (88, 32, 'Adelanto Directo', 'E3652-00-2023', '2023-12-05', '2024-03-03', 1464142.86, NULL, '', '2026-06-23 20:05:53'),
  (89, 18, 'Fiel Cumplimiento', 'E2540-00-2022', '2022-07-27', '2023-04-22', 848955.56, NULL, '', '2026-06-23 20:13:33'),
  (90, 18, 'Fiel Cumplimiento', 'E2540-01-2022', '2023-04-22', '2023-07-20', 848955.56, NULL, '', '2026-06-23 20:14:16'),
  (91, 18, 'Fiel Cumplimiento', 'E2540-02-2022', '2023-07-20', '2023-10-17', 848955.56, NULL, '', '2026-06-23 20:14:52'),
  (92, 18, 'Fiel Cumplimiento', 'E2540-03-2022', '2023-10-17', '2024-01-14', 848955.56, NULL, '', '2026-06-23 20:15:36'),
  (93, 18, 'Fiel Cumplimiento', 'E2540032022-001', '2024-01-14', '2024-04-12', 848955.56, NULL, '', '2026-06-23 20:16:45'),
  (94, 18, 'Fiel Cumplimiento', 'E2540032022-002', '2024-04-13', '2024-12-08', 848955.56, NULL, '', '2026-06-23 20:17:25'),
  (95, 18, 'Fiel Cumplimiento', 'E2540032022-003', '2024-12-09', '2025-03-08', 848955.56, NULL, '', '2026-06-23 20:18:13'),
  (96, 18, 'Fiel Cumplimiento', 'E2540032022-004', '2025-03-09', '2025-06-06', 848955.56, NULL, '', '2026-06-23 20:19:05'),
  (97, 18, 'Fiel Cumplimiento', 'E2540032022-005', '2025-06-07', '2025-09-04', 848955, NULL, '', '2026-06-23 20:19:47'),
  (98, 18, 'Fiel Cumplimiento', 'E2540032022-006', '2025-09-05', '2025-12-03', 848955.56, NULL, '', '2026-06-23 20:20:53'),
  (99, 18, 'Fiel Cumplimiento', 'E2540032022-007', '2025-12-04', '2025-03-03', 848955.56, NULL, '', '2026-06-23 20:22:35'),
  (100, 18, 'Adelanto Directo', 'E2832-00-2022', '2022-08-23', '2022-11-20', 848955.56, NULL, '', '2026-06-23 20:36:56'),
  (101, 18, 'Adelanto Directo', 'E2832-01-2022', '2022-11-20', '2023-02-17', 848955.56, NULL, '', '2026-06-23 20:37:42'),
  (102, 18, 'Adelanto Directo', 'E2832-02-2022', '2023-02-17', '2023-05-17', 848955.56, NULL, '', '2026-06-23 20:38:30'),
  (103, 18, 'Adelanto Directo', 'E2832-03-2022', '2023-05-17', '2023-08-14', 848955.56, NULL, '', '2026-06-23 20:41:14'),
  (104, 18, 'Adelanto Directo', 'E2832-004-2022', '2023-08-14', '2023-11-11', 848955.56, NULL, '', '2026-06-23 20:41:55'),
  (105, 18, 'Adelanto Directo', 'E2832-05-2022', '2023-11-11', '2024-02-08', 848955.56, NULL, '', '2026-06-23 20:42:39'),
  (106, 18, 'Adelanto Directo', 'E2832052022-001', '2024-02-09', '2024-05-08', 486574.82, NULL, '', '2026-06-23 20:45:24'),
  (107, 18, 'Adelanto Directo', 'E2832052022-002', '2024-05-09', '2024-08-06', 97165.05, NULL, '', '2026-06-23 20:46:12'),
  (108, 18, 'Adelanto Directo', 'E2832052022-003', '2024-08-07', '2024-11-04', 97165.05, NULL, '', '2026-06-23 20:48:27'),
  (109, 18, 'Adelanto Directo', 'E2832052022-004', '2024-11-05', '2025-02-02', 97165.05, NULL, '', '2026-06-23 20:49:02'),
  (110, 18, 'Adelanto Directo', 'E2832052022-005', '2025-02-03', '2025-05-03', 97165.05, NULL, '', '2026-06-23 20:51:18'),
  (111, 18, 'Adelanto Directo', 'E2832052022-007', '2025-08-02', '2025-10-30', 97165.05, NULL, '', '2026-06-23 20:52:08'),
  (112, 18, 'Adelanto de Materiales', 'E3849-00-2022', '2022-11-08', '2023-02-05', 1697911.12, NULL, '', '2026-06-23 20:57:18'),
  (113, 18, 'Adelanto de Materiales', 'E3849-01-2022', '2023-02-05', '2023-05-05', 1697911.12, NULL, '', '2026-06-23 20:58:25'),
  (114, 18, 'Adelanto de Materiales', 'E3849-02-2022', '2023-05-05', '2023-08-02', 1697911.12, NULL, '', '2026-06-23 21:03:59'),
  (115, 18, 'Adelanto de Materiales', 'E3849-03-2022', '2023-08-02', '2023-10-30', 1697911.12, NULL, '', '2026-06-23 21:05:32'),
  (116, 18, 'Adelanto de Materiales', 'E3849-04-2022', '2023-10-30', '2024-01-27', 1697911.12, NULL, '', '2026-06-23 21:07:44'),
  (117, 18, 'Adelanto de Materiales', 'E3849052022-001', '2024-01-28', '2024-04-26', 871181.85, NULL, '', '2026-06-23 21:08:46'),
  (118, 18, 'Adelanto de Materiales', 'E3849042022-002', '2024-04-27', '2024-07-25', 750262.01, NULL, '', '2026-06-23 21:11:01'),
  (119, 18, 'Adelanto de Materiales', 'E3849042022-002', '2024-04-27', '2024-07-25', 871181.85, NULL, '', '2026-06-23 21:13:45'),
  (120, 18, 'Adelanto de Materiales', 'E3849042022-003', '2024-07-26', '2024-10-23', 750262.01, NULL, '', '2026-06-23 21:15:39'),
  (121, 18, 'Adelanto de Materiales', 'E3849042022-004', '2024-10-24', '2025-01-21', 750262.01, NULL, '', '2026-06-23 21:22:55'),
  (122, 18, 'Adelanto de Materiales', 'E3849042022-005', '2025-01-22', '2025-03-21', 750262.01, NULL, '', '2026-06-23 21:23:56'),
  (123, 18, 'Adelanto de Materiales', 'E3849042022-006', '2025-04-22', '2025-07-20', 750262.01, NULL, '', '2026-06-23 21:24:56'),
  (124, 18, 'Adelanto de Materiales', 'E3849042022-007', '2025-06-20', '2025-09-17', 217405.41, NULL, '', '2026-06-23 21:26:04'),
  (125, 18, 'Adelanto de Materiales', 'E3849052022-008', '2025-09-18', '2025-12-16', 217405.41, NULL, '', '2026-06-23 21:27:28'),
  (126, 18, 'Adelanto de Materiales', 'E3849052022-009', '2025-12-17', '2026-03-16', 217405.41, NULL, '', '2026-06-23 21:28:19'),
  (127, 54, 'Fiel Cumplimiento', '15411-1867-2024-000', '2024-11-04', '2025-08-30', 531677.7, NULL, '', '2026-06-24 19:36:53'),
  (128, 54, 'Fiel Cumplimiento', '15411-1867-2024-001', '2025-08-31', '2025-11-28', 531677.7, NULL, '', '2026-06-24 19:37:25'),
  (129, 54, 'Fiel Cumplimiento', '15411-1867-2024-002', '2025-11-29', '2026-02-26', 531677.7, NULL, '', '2026-06-24 19:38:04'),
  (130, 54, 'Adelanto de Materiales', '15413-0498-2024-000', '2024-11-21', '2025-02-18', 1063355.4, NULL, '', '2026-06-24 19:38:42'),
  (131, 54, 'Adelanto de Materiales', '15413-0498-2024-002', '2025-02-19', '2025-05-19', 1063355.4, NULL, '', '2026-06-25 13:42:52'),
  (132, 54, 'Adelanto de Materiales', '15413-0498-2024-004', '2025-08-18', '2025-11-15', 535106.99, NULL, '', '2026-06-25 13:43:31'),
  (133, 54, 'Adelanto Directo', '15412-0791-2024-000', '2024-11-08', '2025-02-05', 531677.7, NULL, '', '2026-06-25 13:44:21'),
  (134, 54, 'Adelanto Directo', '15412-0791-2024-002', '2025-05-07', '2025-08-04', 399180.25, NULL, '', '2026-06-25 13:46:28'),
  (135, 54, 'Adelanto Directo', '15412-0791-2024-003', '2025-08-05', '2025-11-02', 259885.07, NULL, '', '2026-06-25 13:47:16'),
  (136, 55, 'Adelanto Directo', '15412-0069-2024-000', '2024-02-07', '2024-05-06', 1079860.86, NULL, '', '2026-06-25 14:02:09'),
  (137, 55, 'Adelanto Directo', '15412-0069-2024-001', '2024-05-07', '2024-08-04', 1079860.87, NULL, '', '2026-06-25 14:02:50'),
  (138, 55, 'Adelanto Directo', '15412-0069-2024-002', '2024-08-05', '2024-11-02', 1079860.87, NULL, '', '2026-06-25 14:03:41'),
  (139, 55, 'Adelanto Directo', '15412-0069-2024-003', '2024-11-03', '2025-01-31', 631628.92, NULL, '', '2026-06-25 14:06:40'),
  (140, 55, 'Adelanto Directo', '15412-0069-2024-004', '2025-02-01', '2025-05-01', 631628.92, NULL, '', '2026-06-25 14:07:23'),
  (141, 55, 'Adelanto Directo', '15412-0069-2024-005', '2025-05-02', '2025-07-30', 193913.71, NULL, '', '2026-06-25 14:08:07'),
  (142, 55, 'Adelanto Directo', '15412-0069-2024-006', '2025-07-31', '2025-10-28', 193913.71, NULL, '', '2026-06-25 14:08:33'),
  (143, 55, 'Fiel Cumplimiento', '15411-0055-2024-000', '2024-01-23', '2024-12-17', 1079860.86, NULL, '', '2026-06-25 14:09:35'),
  (144, 55, 'Fiel Cumplimiento', '15411-0055-2024-001', '2024-01-23', '2024-12-17', 1079860.87, NULL, '', '2026-06-25 14:10:16'),
  (145, 55, 'Fiel Cumplimiento', '15411-0055-2024-002', '2024-12-18', '2025-03-17', 1079860.87, NULL, '', '2026-06-25 14:10:46'),
  (146, 55, 'Fiel Cumplimiento', '15411-0055-2024-003', '2025-03-18', '2025-06-15', 1079860.87, NULL, '', '2026-06-25 14:11:35'),
  (147, 55, 'Fiel Cumplimiento', '15411-0055-2024-005', '2025-09-14', '2025-12-12', 1079860.87, NULL, '', '2026-06-25 14:12:16'),
  (148, 42, 'Fiel Cumplimiento', 'E4412-00-2022', '2022-12-15', '2024-02-07', 3279136.33, NULL, '', '2026-06-25 14:26:33'),
  (149, 42, 'Fiel Cumplimiento', 'E4412002022-001', '2024-02-08', '2024-05-07', 3273136.33, NULL, '', '2026-06-25 14:27:36'),
  (150, 42, 'Fiel Cumplimiento', 'E4412002022-002', '2024-05-08', '2024-08-05', 3273136.33, NULL, '', '2026-06-25 14:28:08'),
  (151, 42, 'Fiel Cumplimiento', 'E4412002022-003', '2024-08-06', '2024-11-03', 3273136.33, NULL, '', '2026-06-25 14:29:52'),
  (152, 42, 'Fiel Cumplimiento', 'E4412002022-04', NULL, NULL, 3273136, NULL, '', '2026-06-25 14:30:13'),
  (153, 42, 'Fiel Cumplimiento', 'E4412002022-004', '2024-11-04', '2025-02-01', 3273136.33, NULL, '', '2026-06-25 14:31:00'),
  (154, 42, 'Fiel Cumplimiento', 'E4412002022-005', '2025-02-02', '2025-05-02', 3273136.33, NULL, '', '2026-06-25 14:31:34'),
  (155, 42, 'Fiel Cumplimiento', 'E4412002022-006', '2025-05-03', '2025-07-31', 3273136.33, NULL, '', '2026-06-25 14:32:02'),
  (156, 42, 'Fiel Cumplimiento', 'E4412002022-007', '2025-08-01', '2025-10-29', 3273136.33, NULL, '', '2026-06-25 14:32:34'),
  (157, 42, 'Fiel Cumplimiento', 'E4412002022-008', '2025-10-30', '2026-01-27', 3273136.33, NULL, '', '2026-06-25 14:33:06'),
  (158, 42, 'Adelanto Directo', 'E4435-00-2022', '2022-12-19', '2023-03-18', 3273137.33, NULL, '', '2026-06-25 14:34:01'),
  (159, 42, 'Adelanto Directo', 'E4435-01-2022', '2023-03-18', '2023-06-15', 3273136, NULL, '', '2026-06-25 14:34:43'),
  (160, 42, 'Adelanto Directo', 'E4435-02-2022', '2023-06-15', '2023-09-12', 3100328.13, NULL, '', '2026-06-25 14:35:20'),
  (161, 42, 'Adelanto Directo', 'E4435-03-2022', '2023-09-12', '2023-12-10', 3100328.13, NULL, '', '2026-06-25 14:35:51'),
  (162, 42, 'Adelanto Directo', 'E4435042022-001', '2024-03-09', '2024-06-06', 3100328.13, NULL, '', '2026-06-25 14:37:31'),
  (163, 42, 'Adelanto Directo', 'E4435042022-002', '2024-06-07', '2024-09-04', 3100328.13, NULL, '', '2026-06-25 14:38:22'),
  (164, 42, 'Adelanto Directo', 'E4435042022-003', '2024-09-05', '2024-12-03', 3042949.18, NULL, '', '2026-06-25 14:39:16'),
  (165, 42, 'Adelanto Directo', 'E4435042022-004', '2024-12-04', '2025-03-03', 3042949.18, NULL, '', '2026-06-25 14:39:52'),
  (166, 42, 'Adelanto Directo', 'E4435042022-005', '2025-03-04', '2025-06-01', 3042949.18, NULL, '', '2026-06-25 14:40:23'),
  (167, 42, 'Adelanto Directo', 'E4435042022-006', '2025-06-02', '2025-08-30', 2274125.56, NULL, '', '2026-06-25 14:41:00'),
  (168, 42, 'Adelanto Directo', 'E4435042022-007', '2025-08-15', '2025-11-12', 1557567.05, NULL, '', '2026-06-25 14:41:33'),
  (169, 42, 'Adelanto Directo', 'E4435042022-009', '2026-02-11', '2026-05-11', 1557567.05, NULL, '', '2026-06-25 14:42:14'),
  (170, 42, 'Adelanto de Materiales', 'E4578-00-2022', '2022-12-27', '2023-03-26', 3273136.33, NULL, '', '2026-06-25 14:43:02'),
  (171, 42, 'Adelanto de Materiales', 'E4578-01-2022', '2023-03-26', '2023-06-23', 3273136.33, NULL, '', '2026-06-25 14:44:08'),
  (172, 42, 'Adelanto de Materiales', 'E4578-02-2022', '2023-06-23', '2023-09-20', 3273136.33, NULL, '', '2026-06-25 14:45:16'),
  (173, 42, 'Adelanto de Materiales', 'E4578-03-2022', '2023-09-20', '2023-12-18', 3273136.33, NULL, '', '2026-06-25 14:46:10'),
  (174, 42, 'Adelanto de Materiales', 'E4578-04-2022', '2023-12-18', '2024-03-16', 3273136.33, NULL, '', '2026-06-25 14:46:55'),
  (175, 42, 'Adelanto de Materiales', 'E4578042022-001', '2024-03-17', '2024-06-14', 2908396.81, NULL, '', '2026-06-25 14:47:45'),
  (176, 42, 'Adelanto de Materiales', 'E4578042022-002', '2024-06-15', '2024-09-12', 2908396.81, NULL, '', '2026-06-25 14:49:17'),
  (177, 42, 'Adelanto de Materiales', 'E4578042022-003', '2024-09-13', '2024-12-11', 3264760.36, NULL, '', '2026-06-25 14:50:20'),
  (178, 42, 'Adelanto de Materiales', 'E4578042022-004', '2024-12-12', '2025-03-11', 3264760.36, NULL, '', '2026-06-25 14:51:02'),
  (179, 42, 'Adelanto de Materiales', 'E4578042022-005', '2025-03-12', '2025-06-09', 3264760.36, NULL, '', '2026-06-25 14:52:15'),
  (180, 42, 'Adelanto de Materiales', 'E4578042022-006', '2025-06-10', '2025-09-07', 2212792.37, NULL, '', '2026-06-25 14:52:52'),
  (181, 42, 'Adelanto de Materiales', 'E4578042022-007', '2025-08-15', '2025-11-12', 1500574.73, NULL, '', '2026-06-25 14:53:36'),
  (182, 42, 'Adelanto de Materiales', 'E4578042022-009', '2026-02-11', '2026-05-11', 1500574.73, NULL, '', '2026-06-25 14:54:17'),
  (183, 42, 'Adelanto de Materiales', '15413-0083-2025-000', '2025-03-18', '2025-06-15', 3000000, NULL, '', '2026-06-25 14:55:15'),
  (184, 42, 'Adelanto de Materiales', '15413-0083-2025-001', '2025-06-16', '2025-09-13', 2776861.75, NULL, '', '2026-06-25 14:55:52'),
  (185, 42, 'Adelanto de Materiales', '15413-0083-2025-002', '2025-08-15', '2025-11-12', 2083264.53, NULL, '', '2026-06-25 14:56:32'),
  (186, 42, 'Adelanto de Materiales', '15413-0083-2025-0004', '2026-02-11', '2026-05-11', 2083264.53, NULL, '', '2026-06-25 14:57:17'),
  (187, 42, 'Fiel Cumplimiento', 'E4412002022-010', '2026-04-28', '2026-07-26', 3273136.33, 'E4412002022-010_HUACAR.pdf', '', '2026-06-25 15:07:37'),
  (188, 42, 'Adelanto Directo', 'E4435042022-010', '2026-05-12', '2026-08-09', 1557567.05, 'E4435042022-010_AD_HUACAR.pdf', '', '2026-06-25 15:11:31'),
  (189, 42, 'Adelanto de Materiales', 'E4578042022-010', '2026-05-12', '2026-08-09', 1500574.1, 'E4578042022-010_AM_HUACAR.pdf', '', '2026-06-25 15:13:58'),
  (190, 42, 'Adelanto de Materiales', '15413-0083-2025-005', '2026-05-12', '2026-08-09', 2083264.53, '15413-0083-2025-005_AM_HUACAR.pdf', '', '2026-06-25 15:27:49'),
  (191, 56, 'Fiel Cumplimiento', 'E2622-01-2021', '2022-05-21', '2022-08-18', 312853.82, NULL, '', '2026-06-25 15:50:48'),
  (192, 56, 'Fiel Cumplimiento', 'E2622-03-2021', '2022-11-15', '2023-02-12', 312853.82, NULL, '', '2026-06-25 15:51:46'),
  (193, 56, 'Fiel Cumplimiento', 'E2622072021-001', '2024-02-04', '2024-05-03', 312853.82, NULL, '', '2026-06-25 15:52:30'),
  (194, 56, 'Fiel Cumplimiento', 'E2622072021-002', '2024-05-04', '2024-08-01', 312853.82, NULL, '', '2026-06-25 15:53:11'),
  (195, 56, 'Fiel Cumplimiento', 'E2622072021-003', '2024-08-02', '2024-10-30', 312853.82, NULL, '', '2026-06-25 15:53:48'),
  (196, 56, 'Fiel Cumplimiento', 'E2622072021-004', '2024-10-31', '2025-01-28', 312853.82, NULL, '', '2026-06-25 15:54:34'),
  (197, 56, 'Fiel Cumplimiento', 'E2622072021-005', '2025-01-29', '2025-04-28', 312853.82, NULL, '', '2026-06-25 15:55:08'),
  (198, 56, 'Fiel Cumplimiento', 'E2622072021-006', '2025-05-29', '2025-07-27', 312853.82, NULL, '', '2026-06-25 15:56:04'),
  (199, 56, 'Fiel Cumplimiento', 'E2622072021-007', '2025-07-28', '2025-10-25', 312853.82, NULL, '', '2026-06-25 15:56:37'),
  (200, 56, 'Fiel Cumplimiento', 'E2622072021-008', '2025-10-26', '2026-01-23', 312853.82, NULL, '', '2026-06-25 15:57:13'),
  (201, 56, 'Fiel Cumplimiento', 'E2622072021-009', '2026-01-24', '2026-04-23', 312853.82, NULL, '', '2026-06-25 15:58:43'),
  (202, 56, 'Adelanto Directo', 'E3723082021-001', '2024-02-13', '2024-05-12', 312853.82, NULL, '', '2026-06-25 15:59:36'),
  (203, 56, 'Adelanto Directo', 'E2732082021-002', '2024-05-13', '2024-08-10', 312853.82, NULL, '', '2026-06-25 16:00:18'),
  (204, 56, 'Adelanto Directo', 'E2732082021-003', '2024-08-11', '2024-11-08', 312853.82, NULL, '', '2026-06-25 16:00:56'),
  (205, 56, 'Adelanto Directo', 'E2732082021-004', '2024-11-09', '2025-02-06', 312853.82, NULL, '', '2026-06-25 16:01:33'),
  (206, 56, 'Adelanto Directo', 'E2732082021-006', '2025-05-08', '2025-08-05', 312853.82, NULL, '', '2026-06-25 16:02:04'),
  (207, 56, 'Adelanto Directo', 'E2732082021-007', '2025-08-06', '2025-11-03', 312853.82, NULL, '', '2026-06-25 16:02:41'),
  (208, 56, 'Adelanto Directo', 'E2732082021-008', '2025-11-04', '2026-02-01', 312853.82, NULL, '', '2026-06-25 16:03:22'),
  (209, 56, 'Adelanto Directo', 'E2732082021-009', '2026-02-02', '2026-05-02', 312853.82, NULL, '', '2026-06-25 16:03:53'),
  (210, 56, 'Adelanto de Materiales', 'E0059082022-001', '2024-03-19', '2024-06-16', 625707.65, NULL, '', '2026-06-25 16:05:29'),
  (211, 56, 'Adelanto de Materiales', 'E0059-02-2022', '2022-07-04', '2022-10-01', 625707.65, NULL, '', '2026-06-25 16:06:22'),
  (212, 56, 'Adelanto de Materiales', 'E0059082022-003', '2024-09-15', '2024-12-13', 625707.65, NULL, '', '2026-06-25 16:06:58'),
  (213, 56, 'Adelanto de Materiales', 'E0059082022-004', '2024-12-14', '2025-03-13', 625707.65, NULL, '', '2026-06-25 16:07:33'),
  (214, 56, 'Adelanto de Materiales', 'E0059082022-005', '2025-03-14', '2025-06-11', 625707.65, NULL, '', '2026-06-25 16:08:12'),
  (215, 56, 'Adelanto de Materiales', 'E0059082022-007', '2025-09-10', '2025-12-08', 625707.65, NULL, '', '2026-06-25 16:09:00'),
  (216, 56, 'Adelanto de Materiales', 'E0059082022-009', '2026-03-09', '2026-06-06', 625707.65, NULL, '', '2026-06-25 16:09:38'),
  (217, 56, 'Fiel Cumplimiento', 'E2622072021-010', '2026-04-24', '2026-07-22', 312853.82, 'E2622072021-010_FC_CISMINIG.pdf', '', '2026-06-25 16:13:19'),
  (218, 56, 'Adelanto Directo', 'E2732082021-010', '2026-05-06', '2026-07-31', 312853.82, 'E2732082021-010_AD_CISMINIG.pdf', '', '2026-06-25 16:14:36'),
  (219, 57, 'Fiel Cumplimiento', 'E3123-00-2023', '2023-11-02', '2024-01-30', 5328, NULL, '', '2026-06-25 16:48:36'),
  (220, 57, 'Fiel Cumplimiento', 'E3123002023-002', '2024-04-30', '2024-07-28', 5328, NULL, '', '2026-06-25 16:49:19'),
  (221, 57, 'Fiel Cumplimiento', 'E3123002023-003', '2024-07-29', '2024-10-26', 5328, NULL, '', '2026-06-25 16:50:19'),
  (222, 57, 'Fiel Cumplimiento', 'E2873-00-2023', '2023-10-23', '2024-01-20', 9594.04, NULL, '', '2026-06-25 16:50:55'),
  (223, 57, 'Fiel Cumplimiento', 'E2873-01-2023', '2023-10-23', '2024-01-20', 9594.04, NULL, '', '2026-06-25 16:51:39'),
  (224, 57, 'Fiel Cumplimiento', 'E2873012023-001', '2024-01-21', '2024-04-19', 9594.04, NULL, '', '2026-06-25 16:52:18'),
  (225, 57, 'Fiel Cumplimiento', 'E2837012023-003', '2024-07-19', '2024-10-16', 9595.04, NULL, '', '2026-06-25 16:53:06'),
  (226, 57, 'Fiel Cumplimiento', 'E3405-01-2023', '2023-11-23', '2024-02-20', 3150.48, NULL, '', '2026-06-25 16:53:44'),
  (227, 57, 'Fiel Cumplimiento', 'E3406-01-2023', '2023-11-28', '2024-02-25', 3742, NULL, '', '2026-06-25 16:54:25'),
  (228, 57, 'Fiel Cumplimiento', 'E3098-00-2022', '2022-09-12', '2023-09-06', 1042984.96, NULL, '', '2026-06-25 16:55:06'),
  (229, 57, 'Fiel Cumplimiento', 'E30989-01-2022', '2023-09-06', '2023-12-04', 1042984.96, NULL, '', '2026-06-25 16:56:00'),
  (230, 57, 'Fiel Cumplimiento', 'E3098022022', '2023-12-04', '2024-03-02', 1042984.96, NULL, '', '2026-06-25 16:57:20'),
  (231, 57, 'Fiel Cumplimiento', 'E2332-00-2023', '2023-09-14', '2023-12-12', 6644.1, NULL, '', '2026-06-25 16:57:55'),
  (232, 57, 'Fiel Cumplimiento', 'E2332012023', '2023-12-12', '2024-03-10', 6644.1, NULL, '', '2026-06-25 17:00:47'),
  (233, 57, 'Fiel Cumplimiento', 'E2332012023-002', '2024-06-09', '2024-09-06', 6644.1, NULL, '', '2026-06-25 17:02:01'),
  (234, 57, 'Fiel Cumplimiento', 'E2332012023-004', '2024-12-06', '2025-03-05', 6644.1, NULL, '', '2026-06-25 17:02:38'),
  (235, 57, 'Fiel Cumplimiento', 'E2332012023-007', '2025-09-02', '2025-11-30', 6644.1, NULL, '', '2026-06-25 17:03:16'),
  (236, 57, 'Fiel Cumplimiento', 'E2999002023-001', '2024-01-29', '2024-04-27', 7990, NULL, '', '2026-06-25 17:03:55'),
  (237, 57, 'Adelanto Directo', 'E3202-00-2022', '2022-09-20', '2022-12-18', 1042984.96, NULL, '', '2026-06-25 17:05:23'),
  (238, 57, 'Adelanto Directo', 'E3202-02-2022', '2022-12-18', '2023-03-17', 1042984.96, NULL, '', '2026-06-25 17:06:01'),
  (239, 57, 'Adelanto Directo', 'E3202-03-2022', '2023-03-17', '2023-06-14', 1042984.96, NULL, '', '2026-06-25 17:06:39'),
  (240, 57, 'Adelanto Directo', 'E3202-05-2022', '2023-09-11', '2023-12-09', 1042984.96, NULL, '', '2026-06-25 17:07:16'),
  (241, 57, 'Adelanto Directo', 'E3202062022-001', '2024-03-08', '2024-06-05', 537744.43, NULL, '', '2026-06-25 17:08:00'),
  (242, 57, 'Adelanto Directo', 'E3202062022-003', '2024-06-06', '2024-09-03', 564943.1, NULL, '', '2026-06-25 17:08:35'),
  (243, 57, 'Adelanto Directo', 'E3202062022-008', '2025-08-30', '2025-11-27', 564943.1, NULL, '', '2026-06-25 17:09:06'),
  (244, 57, 'Adelanto de Materiales', 'E3435-00-2022', '2022-10-05', '2023-01-02', 2085969.92, NULL, '', '2026-06-25 17:09:58'),
  (245, 57, 'Adelanto de Materiales', 'E3435-01-2022', '2023-01-02', '2023-04-01', 2085969.92, NULL, '', '2026-06-25 17:10:54'),
  (246, 57, 'Adelanto de Materiales', 'E3435-03-2022', '2023-06-29', '2023-09-26', 1886800, NULL, '', '2026-06-25 17:11:28'),
  (247, 57, 'Adelanto de Materiales', 'E3435-04-2022', '2023-09-26', '2023-12-24', 1886800, NULL, '', '2026-06-25 17:12:02'),
  (248, 57, 'Adelanto de Materiales', 'E3435052022-001', '2024-04-23', '2024-06-20', 1292659.83, NULL, '', '2026-06-25 17:12:34'),
  (249, 57, 'Adelanto de Materiales', 'E3435052022-003', '2024-06-21', '2024-09-18', 1886800, NULL, '', '2026-06-25 17:13:12'),
  (250, 57, 'Adelanto de Materiales', 'E3435052022-005', '2024-12-18', '2025-03-17', 1886800, NULL, '', '2026-06-25 17:13:45'),
  (251, 57, 'Adelanto Directo', 'E3435052022-008', '2025-09-14', '2025-12-12', 1886800, NULL, '', '2026-06-25 17:14:17'),
  (252, 57, 'Fiel Cumplimiento', 'E3406012023-010', '2026-05-16', '2026-08-13', 3742, 'E3406012023-010_FC_INGENIERIA_II.pdf', '', '2026-06-25 17:30:11'),
  (253, 57, 'Fiel Cumplimiento', 'E3405012023-010', '2026-05-11', '2026-08-08', 3150.28, 'E3405012023-010_FC_INGENIERIA_II.pdf', '', '2026-06-25 17:42:20'),
  (254, 57, 'Fiel Cumplimiento', 'E2999002023-010', '2026-03-18', '2026-07-16', 7990, 'E2999002023-010_FC_INGENIERIA_II.pdf', '', '2026-06-25 17:50:48'),
  (255, 57, 'Fiel Cumplimiento', 'E2873012023-010', '2026-04-10', '2026-07-08', 9594.04, 'E2873012023-010_FC_INGENIERIA_II.pdf', '', '2026-06-25 17:52:23'),
  (256, 53, 'Adelanto Directo', '15412-1201-2025-002', '2026-06-15', '2026-09-12', 1303881.28, '15412-1201-2025-002_AD_CHIRAPATAN.pdf', '', '2026-06-26 14:19:29'),
  (257, 53, 'Adelanto de Materiales', '15413-0096-2026-001', '2026-06-11', '2026-09-08', 1303881.28, '15413-0096-2026-001_AM_CHIRAPATAN.pdf', '', '2026-06-26 14:21:43'),
  (258, 53, 'Adelanto de Materiales', '15413-0096-2026-000', '2026-03-13', '2026-06-10', 1303881.28, '15413-0096-2026-000_AM_CHIRAPATAN.pdf', '', '2026-06-26 14:23:28'),
  (259, 18, 'Adelanto Directo', 'E2832052022-010', '2026-04-29', '2026-07-27', 97165.05, 'E2832052022-010_AD_AGUA_SAN_JUAN.pdf', '', '2026-06-26 14:30:48'),
  (260, 18, 'Fiel Cumplimiento', 'E2540032022-009', '2026-06-02', '2026-08-30', 848955.56, 'E2540032022-009_FC_AGUA_SAN_JUAN.pdf', '', '2026-06-26 14:33:14'),
  (261, 18, 'Adelanto de Materiales', 'E3849042022-011', '2026-06-15', '2026-09-12', 217405.41, 'E3849042022-011_AM_AGUA_SAN_JUAN.pdf', '', '2026-06-26 14:35:12'),
  (262, 8, 'Adelanto Directo', '15412-0953-2025-002', '2026-05-03', '2026-07-31', 874043.91, '15412-0953-2025-002_AD_VIAL_HONORIA_25.pdf', '', '2026-06-26 14:46:19'),
  (263, 8, 'Adelanto de Materiales', '15413-0693-2025-002', '2026-06-14', '2026-09-11', 1500000, '15413-0693-2025-002_AM_VIAL_HONORIA_25.pdf', '', '2026-06-26 14:49:31'),
  (264, 45, 'Adelanto de Materiales', '15413-0204-2026-000', '2026-05-15', '2026-08-12', 1717868.02, '15413-0204-2026-000_AM_SANEAMIENTO_ANTACOLPA.pdf', '', '2026-06-26 14:56:21'),
  (265, 45, 'Adelanto Directo', '15412-1216-2025-002', '2026-06-15', '2026-09-12', 858934.01, '15412-1216-2025-002_AD_SANEAMIENTO_ANTACOLPA.pdf', '', '2026-06-26 15:05:41'),
  (266, 31, 'Adelanto de Materiales', '15413-0249-2026-000', '2026-06-05', '2026-09-02', 98649.94, '15413-0249-2026-000_AM_GRECIA.pdf', '', '2026-06-26 15:36:16'),
  (267, 31, 'Fiel Cumplimiento', '15411-0831-2026-000', '2026-04-30', '2026-07-28', 49324.97, '15411-0831-2026-000_FC_GRECIA.pdf', '', '2026-06-26 15:38:16'),
  (268, 31, 'Adelanto Directo', '15412-0291-2026-000', '2026-05-08', '2026-08-05', 49324.97, '15412-0291-2026-000_AD_GRECIA.pdf', '', '2026-06-26 15:41:16'),
  (269, 33, 'Fiel Cumplimiento', '15411-1041-2024-007', '2026-04-20', '2026-07-21', 20091.29, '15411-1041-2024-007_FC_SAN_MARTIN.pdf', '', '2026-06-26 15:53:56'),
  (270, 33, 'Adelanto Directo', 'E4011062022-010', '2026-04-24', '2026-07-22', 724666.93, 'E4011062022-010_AD_SAN_MARTIN.pdf', '', '2026-06-26 15:55:53'),
  (271, 33, 'Adelanto de Materiales', 'E0338042023-010', '2026-05-06', '2026-08-03', 1593729.92, 'E0338042023-010_AM_SAN_MARTIN.pdf', '', '2026-06-26 15:57:53'),
  (272, 33, 'Fiel Cumplimiento', '15411-0866-2025-004', '2026-05-08', '2026-08-05', 13377.71, '15411-0866-2025-004_FC_SAN_MARTIN.pdf', '', '2026-06-26 16:02:51'),
  (273, 33, 'Fiel Cumplimiento', '15411-0865-2025-004', '2026-05-08', '2026-08-05', 3123.84, '15411-0865-2025-004_FC_SAN_MARTIN.pdf', '', '2026-06-26 16:11:36'),
  (274, 33, 'Fiel Cumplimiento', '15411-0864-2025-004', '2026-05-08', '2026-08-05', 1133.75, '15411-0864-2025-004_FC_SAN_MARTIN.pdf', '', '2026-06-26 16:16:25'),
  (275, 33, 'Fiel Cumplimiento', '15411-1184-2024-007', '2026-05-13', '2026-08-10', 6047.38, '15411-1184-2024-007_FC_SAN_MARTIN.pdf', '', '2026-06-26 16:17:42'),
  (276, 33, 'Fiel Cumplimiento', 'E0773002023-007', '2026-05-24', '2026-08-21', 13220.83, 'E0773002023-007_FC_SAN_MARTIN.pdf', '', '2026-06-26 16:19:06'),
  (277, 33, 'Fiel Cumplimiento', 'E0337002023-008', '2026-05-27', '2026-08-24', 3119705.73, 'E0337002023-008_FC_SAN_MARTIN.pdf', '', '2026-06-26 16:22:38'),
  (278, 33, 'Fiel Cumplimiento', '15411-0767-2024-008', '2026-06-10', '2026-09-07', 60529.92, '15411-0767-2024-008_FC_SAN_MARTIN.pdf', '', '2026-06-26 16:25:07'),
  (279, 33, 'Fiel Cumplimiento', 'E2031002023-006', '2026-06-08', '2026-09-05', 6706.32, 'E2031002023-006_FC_SAN_MARTIN.pdf', '', '2026-06-26 16:32:58'),
  (280, 33, 'Fiel Cumplimiento', '15411-0787-2024-008', '2026-06-15', '2026-09-12', 32092.59, '15411-0787-2024-008_FC_SAN_MARTIN.pdf', '', '2026-06-26 16:34:31'),
  (281, 33, 'Fiel Cumplimiento', '15411-0788-2024-008', '2026-06-15', '2026-09-12', 2056.19, '15411-0788-2024-008_FC_SAN_MARTIN.pdf', '', '2026-06-26 16:37:12'),
  (282, 33, 'Fiel Cumplimiento', '15411-0012-2024-010', '2026-06-20', '2026-09-17', 7782.07, '15412-0012-2024-010_FC_SAN_MARTIN.pdf', '', '2026-06-26 16:39:02'),
  (283, 33, 'Fiel Cumplimiento', '15411-0882-2024-008', '2026-06-28', '2026-09-25', 5214.52, '15411-0882-2024-008_FC_SAN_MARTIN.pdf', '', '2026-06-26 16:40:46'),
  (284, 43, 'Fiel Cumplimiento', '15411-2334-2024-005', '2026-04-07', '2026-07-05', 489568.31, '15411-2334-2024-005_FC_ALVAMAR.pdf', '', '2026-06-26 16:48:10'),
  (285, 43, 'Adelanto Directo', '15412-0966-2024-006', '2026-06-13', '2026-09-10', 1468704.92, '15412-0966-2024-006_AD_ALVAMAR.pdf', '', '2026-06-26 16:50:20'),
  (286, 43, 'Fiel Cumplimiento', '15411-2334-2024-006', '2026-07-06', '2026-10-03', 489568.31, '15411-2334-2024-006_FC_ALVAMAR.pdf', '', '2026-06-26 16:52:44'),
  (287, 48, 'Adelanto Directo', '15412-1137-2025-002', '2026-06-10', '2026-09-07', 1888739.6, '15412-1137-2025-002_AD_VECTOR_CCG.pdf', '', '2026-06-26 16:57:54'),
  (288, 48, 'Adelanto Directo', '15412-1137-2025-002', '2026-06-10', '2026-09-07', 1659022.45, '15412-1137-2025-002_AD_VEECTOR_CCG_DISM._DE_VALOR.pdf', '', '2026-06-26 16:59:51'),
  (289, 48, 'Adelanto de Materiales', '15413-0756-2025-002', '2026-06-28', '2026-09-25', 3777479.2, '15413-0756-2025-002_AM_VECTOR_CCG.pdf', '', '2026-06-26 17:02:33'),
  (290, 40, 'Fiel Cumplimiento', '15411-1119-2024-003', '2026-03-24', '2026-06-21', 94580.82, '15411-1119-2024-003_FC_TINGO_MARIA.pdf', '', '2026-06-26 17:10:10'),
  (291, 40, 'Fiel Cumplimiento', '15411-1337-2025-003', '2026-04-03', '2026-06-01', 15481.48, '15411-1337-2025-003_FC_TINGO_MARIA.pdf', '', '2026-06-26 17:42:00'),
  (292, 40, 'Fiel Cumplimiento', '15411-0334-2024-005', '2026-05-21', '2026-07-19', 1514808.13, '15411-0334-2024-005_FC_TINGO_MARIA.pdf', '', '2026-06-26 17:44:28'),
  (293, 40, 'Fiel Cumplimiento', '15411-0140-2025-003', '2026-05-22', '2026-07-25', 24964.06, '15411-0140-2025-003_FC_TINGO_MARIA_ADICIONAL.pdf', '', '2026-06-26 17:46:07'),
  (294, 40, 'Fiel Cumplimiento', '15411-1119-2024-004', '2026-06-22', '2026-06-21', 94580.82, '15411-1119-2024-004_FC_TINGO_MARIA.pdf', '', '2026-06-26 17:48:31'),
  (295, 58, 'Fiel Cumplimiento', '15411-1299-2026-000', '2026-06-18', '2026-12-14', 186452.11, '15411-1299-2026-000_FC_NEXUS.pdf', '', '2026-06-26 17:54:40'),
  (296, 58, 'Adelanto Directo', '15412-0446-2026-000', '2026-06-23', '2026-09-20', 186452.11, '15412-0446-2026-000_AD_NEXUS.pdf', '', '2026-06-26 17:55:55'),
  (297, 29, 'Adelanto Directo', '15412-0657-2025-003', '2026-05-04', '2026-08-01', 2003854.7, '15412-0657-2025-003_AD_CHANCHAMAYO.pdf', '', '2026-06-26 18:00:34'),
  (298, 29, 'Adelanto de Materiales', '15413-0177-2026-000', '2026-06-15', '2026-09-12', 2066554.45, '15413-0177-2026-000_AM_CHANCHAMAYO.pdf', '', '2026-06-26 18:03:34'),
  (299, 14, 'Adelanto de Materiales', '15413-0708-2025-002', '2026-06-16', '2026-09-13', 1931853.93, '15413-0708-2025-002_AM_LA_MERCED.pdf', '', '2026-06-26 20:06:37'),
  (300, 20, 'Fiel Cumplimiento', '15411-1527-2025-004', '2026-06-03', '2026-05-31', 74016.31, NULL, '', '2026-06-26 21:07:15'),
  (301, 35, 'Fiel Cumplimiento', 'E0368002023-010', '2026-05-16', '2026-08-13', 22326.11, NULL, '', '2026-06-26 21:09:46'),
  (302, 35, 'Fiel Cumplimiento', 'E0367002023-010', '2026-05-16', '2026-08-13', 11426.64, NULL, '', '2026-06-26 21:10:20'),
  (303, 35, 'Fiel Cumplimiento', 'E0366002023-010', '2026-05-16', '2026-08-13', 159707.78, NULL, '', '2026-06-26 21:10:58'),
  (304, 35, 'Fiel Cumplimiento', 'E2741052021-010', '2026-05-05', '2026-08-02', 1299992.74, NULL, '', '2026-06-26 21:14:11'),
  (305, 42, 'Adelanto de Materiales', 'E4578042022-010', '2026-05-12', '2026-08-09', 883659.73, NULL, '', '2026-06-26 21:17:14'),
  (306, 42, 'Adelanto Directo', 'E4435042022-010', '2026-05-12', '2026-08-09', 939270, NULL, '', '2026-06-26 21:19:03'),
  (307, 42, 'Adelanto de Materiales', '15413-0083-2025-005', '2026-05-12', '2026-08-09', 1447729.11, NULL, '', '2026-06-26 21:22:41'),
  (308, 14, 'Adelanto de Materiales', '15413-0708-2025-001', '2026-03-18', '2026-06-15', 2743450.1, NULL, '', '2026-06-26 21:42:27'),
  (309, 57, 'Fiel Cumplimiento', 'E3123002023-010', '2026-04-20', '2026-07-18', 5328, NULL, '', '2026-06-26 21:45:21'),
  (310, 36, 'Fiel Cumplimiento', '15411-0169-2026-001', '2026-05-20', '2026-07-18', 110041.89, NULL, '', '2026-06-26 21:48:32'),
  (311, 36, 'Adelanto de Materiales', '15413-0064-2024-009', '2026-05-05', '2026-08-02', 1478655, NULL, '', '2026-06-26 21:50:02'),
  (312, 36, 'Fiel Cumplimiento', 'CORREGIR A OTRO FIANZA', '2026-05-10', '2026-08-07', 3732735.68, NULL, '', '2026-06-26 21:51:26'),
  (313, 36, 'Adelanto de Materiales', '15413-0186-2024-008', '2026-05-21', '2026-08-18', 644456.37, NULL, '', '2026-06-26 21:52:12'),
  (314, 36, 'Adelanto Directo', 'E3810002023-010', '2026-06-02', '2026-08-30', 1352017.78, NULL, '', '2026-06-26 21:53:48'),
  (315, 36, 'Fiel Cumplimiento', 'E3407002023-006', '2026-05-10', '2026-08-07', 3735735.68, NULL, '', '2026-06-26 21:55:49'),
  (316, 36, 'Adelanto Directo', 'E3810002023-009', '2026-03-04', '2026-06-01', 1352017.78, NULL, '', '2026-06-26 22:02:45'),
  (317, 36, 'Adelanto de Materiales', '15413-0186-2024-007', '2026-02-20', '2026-05-20', 644456.37, NULL, '', '2026-06-26 22:04:12'),
  (318, 37, 'Adelanto de Materiales', 'E1852062022-010', '2026-05-18', '2026-08-15', 1500000, NULL, '', '2026-06-26 22:06:44'),
  (319, 46, 'Fiel Cumplimiento', 'E1323012023-009', '2026-05-18', '2026-08-15', 2264354.76, NULL, '', '2026-06-26 22:08:35'),
  (320, 46, 'Adelanto de Materiales', '15413-0504-2024-007', '2026-05-16', '2025-08-13', 665087.74, NULL, '', '2026-06-26 22:09:24'),
  (321, 9, 'Fiel Cumplimiento', '15411-2280-2025-001', '2026-04-18', '2026-07-17', 811904.08, NULL, '', '2026-06-26 22:10:28'),
  (322, 51, 'Adelanto Directo', 'E1577012023-009', '2026-01-04', '2026-04-03', 753499.21, NULL, '', '2026-06-26 22:12:49'),
  (323, 45, 'Adelanto Directo', '15412-1216-2025-001', '2026-03-17', '2026-06-14', 858934.01, NULL, '', '2026-06-26 22:17:39'),
  (324, 46, 'Adelanto Directo', 'E1598012023-010', '2026-03-08', '2026-07-06', 645889.18, NULL, '', '2026-06-26 22:19:17'),
  (325, 22, 'Fiel Cumplimiento', '15411-0247-2024-006', '2026-02-08', '2026-05-08', 747933.93, NULL, '', '2026-06-26 22:23:40'),
  (326, 22, 'Fiel Cumplimiento', '15411-2314-2024-003', '2026-06-12', '2026-05-12', 35051.68, NULL, '', '2026-06-26 22:24:53'),
  (327, 6, 'Adelanto de Materiales', '15413-0555-2025-001', '2026-01-25', '2026-04-24', 189436.12, NULL, '', '2026-06-26 22:25:49'),
  (328, 18, 'Adelanto de Materiales', 'E3849042022-010', '2026-03-17', '2026-06-14', 217405.41, NULL, '', '2026-06-26 22:29:53'),
  (329, 11, 'Adelanto Directo', '15412-0792-2025-002', '2026-03-21', '2026-06-18', 1052008.56, NULL, '', '2026-06-26 22:31:21'),
  (330, 28, 'Fiel Cumplimiento', '15411-2711-2025-001', '2026-02-24', '2026-05-24', 3960226.23, NULL, '', '2026-06-26 22:32:15'),
  (331, 27, 'Adelanto Directo', '15412-1090-2025-002', '2026-02-25', '2026-05-25', 131938.8, NULL, '', '2026-06-26 22:32:49'),
  (332, 7, 'Adelanto Directo', '15412-0986-2025-002', '2026-05-10', '2025-08-07', 1750000, NULL, '', '2026-06-26 22:34:05'),
  (333, 50, 'Adelanto Directo', 'E2665082021-011', '2026-04-18', '2026-07-16', 738250.5, NULL, '', '2026-06-26 22:36:45'),
  (334, 41, 'Fiel Cumplimiento', 'E0010102021-010', '2026-04-22', '2026-07-20', 590000, NULL, '', '2026-06-26 22:44:10'),
  (335, 50, 'Adelanto de Materiales', 'E2904092021-011', '2026-05-14', '2026-08-11', 1256040.19, NULL, '', '2026-06-26 22:53:28'),
  (336, 41, 'Adelanto Directo', 'E0011132021-010', '2026-05-21', '2026-08-18', 327000, NULL, '', '2026-06-26 23:11:05'),
  (337, 19, 'Fiel Cumplimiento', 'E0754032021-010', '2026-04-09', '2026-07-07', 7968353.07, NULL, '', '2026-06-30 13:53:15'),
  (338, 17, 'Adelanto de Materiales', '15413-0165-2024-010', '2026-05-03', '2026-07-31', 3730260, NULL, '', '2026-06-30 13:55:03'),
  (339, 30, 'Adelanto de Materiales', '15413-0074-2026-000', '2026-02-23', '2026-05-23', 488654.28, NULL, '', '2026-06-30 13:55:56'),
  (340, 25, 'Fiel Cumplimiento', '15411-0044-2025-003', '2026-05-31', '2026-08-28', 757248.35, NULL, '', '2026-06-30 13:57:10'),
  (341, 52, 'Adelanto Directo', 'E2729012023-011', '2026-04-30', '2026-06-27', 555933.66, NULL, '', '2026-06-30 14:01:03'),
  (342, 48, 'Adelanto de Materiales', '15413-0756-2025-001', '2026-03-30', '2026-06-27', 3777479.2, NULL, '', '2026-06-30 14:02:13'),
  (343, 52, 'Adelanto Directo', 'E2729012023-009', '2025-07-03', '2025-09-30', 773632.4, NULL, '', '2026-06-30 14:05:18'),
  (344, 39, 'Adelanto Directo', 'E3276132020-006', '2025-05-17', '2025-08-14', 552520.8, NULL, '', '2026-06-30 14:06:19'),
  (345, 49, 'Fiel Cumplimiento', '15411-0790-2026-000', '2026-04-27', '2026-07-25', 928896.03, NULL, '', '2026-06-30 14:07:12'),
  (346, 52, 'Fiel Cumplimiento', '15411-2685-2025-004', '2026-05-18', '2026-08-15', 20642.12, NULL, '', '2026-06-30 14:08:04'),
  (347, 25, 'Adelanto Directo', '15412-0042-2025-005', '2026-04-16', '2026-07-14', 378862.28, NULL, '', '2026-06-30 14:22:48'),
  (348, 30, 'Adelanto Directo', '15412-0098-2026-001', '2026-05-05', '2026-08-02', 488654.28, NULL, '', '2026-06-30 14:24:42'),
  (349, 17, 'Fiel Cumplimiento', 'E3687002023-008', '2026-05-24', '2026-08-20', 2329932.42, NULL, '', '2026-06-30 14:26:56'),
  (350, 17, 'Adelanto Directo', 'E3694002023-010', '2026-06-05', '2026-09-02', 1070628.5, NULL, '', '2026-06-30 14:27:52'),
  (351, 34, 'Fiel Cumplimiento', 'E2030042022-010', '2026-05-03', '2026-07-31', 505588.28, NULL, '', '2026-06-30 14:37:37'),
  (352, 7, 'Adelanto de Materiales', '15413-0144-2026-000', '2026-04-13', '2026-07-11', 3500000, NULL, '', '2026-06-30 15:12:14'),
  (353, 28, 'Fiel Cumplimiento', '15411-2711-2025-002', '2026-05-25', '2026-08-22', 3960226.23, NULL, '', '2026-06-30 15:14:51'),
  (354, 27, 'Adelanto Directo', '15412-1090-2025-003', '2026-05-26', '2026-08-23', 131938.8, NULL, '', '2026-06-30 15:17:08'),
  (355, 22, 'Adelanto de Materiales', '15413-0294-2024-007', '2026-05-04', '2026-08-01', 481358.47, NULL, '', '2026-06-30 15:20:45'),
  (356, 46, 'Fiel Cumplimiento', '15411-1113-2024-004', '2026-03-24', '2026-06-21', 48944.17, NULL, '', '2026-06-30 15:22:33'),
  (357, 51, 'Adelanto de Materiales', 'E2005012023-010', '2026-05-02', '2026-06-30', 1506998.42, NULL, '', '2026-06-30 15:25:33'),
  (358, 59, 'Fiel Cumplimiento', 'E0910092020-010', '2026-06-10', '2026-09-07', 2165757.33, NULL, '', '2026-06-30 15:44:25'),
  (359, 59, 'Adelanto de Materiales', 'E1428132020-011', '2026-06-20', '2026-09-17', 433260.25, NULL, '', '2026-06-30 15:45:12'),
  (360, 59, 'Adelanto Directo', 'E0958142020-011', '2026-06-20', '2026-09-17', 568337.23, NULL, '', '2026-06-30 15:45:49'),
  (361, 59, 'Adelanto de Materiales', 'E1429132020-010', '2026-03-22', '2026-06-19', 433260.25, NULL, '', '2026-06-30 15:46:30'),
  (362, 59, 'Adelanto Directo', 'E0958142020-010', '2026-03-22', '2026-06-19', 568337.23, NULL, '', '2026-06-30 15:47:06'),
  (363, 60, 'Adelanto Directo', '15412-0877-2025-002', '2026-04-13', '2026-06-11', 144838.08, NULL, '', '2026-06-30 15:50:56'),
  (364, 60, 'Fiel Cumplimiento', '15411-2181-2025-001', '2026-04-11', '2026-06-09', 144838.08, NULL, '', '2026-06-30 15:51:40'),
  (365, 60, 'Fiel Cumplimiento', '15411-2181-2025-000', '2025-10-13', '2026-04-10', 144838.08, NULL, '', '2026-06-30 15:52:16'),
  (366, 61, 'Fiel Cumplimiento', '15411-0679-2026-000', '2026-04-14', '2026-07-12', 91490.43, NULL, '', '2026-06-30 15:58:53'),
  (367, 61, 'Adelanto Directo', '15412-0228-2026-000', '2026-04-17', '2026-07-15', 91490.43, NULL, '', '2026-06-30 15:59:24'),
  (368, 62, 'Adelanto Directo', '15412-0087-2026-002', '2026-05-13', '2026-08-10', 516632.75, NULL, '', '2026-06-30 16:03:12'),
  (369, 62, 'Fiel Cumplimiento', '15411-0017-2026-000', '2026-02-02', '2026-05-02', 602798.25, NULL, '', '2026-06-30 16:03:48'),
  (370, 62, 'Fiel Cumplimiento', '15411-0017-2026-001', '2026-02-02', '2026-05-02', 516632.75, NULL, '', '2026-06-30 16:04:20'),
  (371, 62, 'Fiel Cumplimiento', '15411-0017-2026-002', '2026-05-03', '2026-07-31', 516632.75, NULL, '', '2026-06-30 16:05:54'),
  (372, 63, 'Adelanto Directo', '15412-0545-2025-003', '2026-04-07', '2026-07-05', 6770618.77, NULL, '', '2026-06-30 16:12:53'),
  (373, 40, 'Fiel Cumplimiento', '15411-1337-2025-004', '2026-07-02', '2026-07-31', 15481.78, NULL, '', '2026-06-30 16:38:02'),
  (374, 65, 'Adelanto Directo', '15412-0460-2026-000', '2026-06-26', '2026-09-23', 1231974.12, NULL, '', '2026-06-30 17:23:49'),
  (375, 26, 'Adelanto Directo', '15412-0012-2026-002', '2026-07-01', '2026-09-28', 310757.24, NULL, '', '2026-06-30 17:35:08'),
  (376, 66, 'Adelanto Directo', '15412-0222-2026-000', '2026-04-15', '2026-08-12', 850745.71, NULL, '', '2026-06-30 19:30:51'),
  (377, 67, 'Fiel Cumplimiento', 'E2837102020-010', '2026-04-23', '2026-07-21', 644681.78, NULL, '', '2026-06-30 20:10:39'),
  (378, 64, 'Adelanto Directo', '15412-0016-2026-002', '2026-03-26', '2026-06-23', 301359.18, NULL, '', '2026-06-30 20:12:32'),
  (379, 23, 'Adelanto Directo', '15412-0937-2024-006', '2026-05-30', '2026-08-27', 491256.92, NULL, '', '2026-06-30 20:14:20'),
  (380, 68, 'Adelanto Directo', '15412-0365-2026-000', '2026-06-01', '2026-08-29', 1189207.69, NULL, '', '2026-06-30 20:22:59'),
  (381, 69, 'Adelanto Directo', '15412-0049-2026-001', '2026-04-15', '2026-07-13', 104186.36, NULL, '', '2026-06-30 20:26:02'),
  (382, 70, 'Adelanto de Materiales', '15413-0098-2026-000', '2026-03-16', '2026-06-14', 300000, NULL, '', '2026-06-30 20:31:34'),
  (383, 71, 'Fiel Cumplimiento', '15411-1338-2024-007', '2026-02-24', '2026-05-24', 210370.5, NULL, '', '2026-06-30 20:35:41'),
  (384, 72, 'Fiel Cumplimiento', 'E1596052022-009', '2026-02-27', '2026-05-27', 153242.26, NULL, '', '2026-06-30 20:39:21');

-- ------------------------------------------------------------
-- Tabla: facturas
-- ------------------------------------------------------------
DROP TABLE IF EXISTS `facturas`;
CREATE TABLE IF NOT EXISTS `facturas` (
  `id` INT NOT NULL AUTO_INCREMENT,
  `empresa_id` INT,
  `numero` VARCHAR(255) NOT NULL,
  `monto` DECIMAL(15,2) NOT NULL,
  `tipo_fianza_relacionada` ENUM('Fiel Cumplimiento','Adelanto de Materiales','Adelanto Directo'),
  `numero_fianza_relacionada` TEXT,
  `fecha_salida` DATE,
  `pdf_path` TEXT,
  `observacion` TEXT,
  `es_observada` TINYINT(1) DEFAULT 0,
  `created_at` DATETIME DEFAULT CURRENT_TIMESTAMP,
  PRIMARY KEY (`id`),
  FOREIGN KEY (`empresa_id`) REFERENCES `empresas`(`id`) ON DELETE CASCADE
) ENGINE=InnoDB DEFAULT CHARSET=utf8mb4;

INSERT INTO `facturas` (`id`, `empresa_id`, `numero`, `monto`, `tipo_fianza_relacionada`, `numero_fianza_relacionada`, `fecha_salida`, `pdf_path`, `observacion`, `es_observada`, `created_at`) VALUES
  (1, 17, 'F010-00154749', 15231.89, 'Adelanto Directo', 'E3694002023-010', '2026-06-01', NULL, '', 0, '2026-06-10 14:11:09'),
  (2, 10, 'F010-2552-2025-002', 1472.44, 'Fiel Cumplimiento', '15411-2552-2025-002', '2026-06-02', NULL, '', 0, '2026-06-10 14:20:45'),
  (3, 18, 'F010-00154525', 9673.32, 'Fiel Cumplimiento', 'E2540032022-009', '2026-05-28', NULL, '', 0, '2026-06-10 14:36:03'),
  (4, 19, 'F017-00015727', 13987.8, 'Adelanto Directo', 'E0834132021-010', '2023-03-03', NULL, 'DEVOLUCION POR ITEM', 1, '2026-06-10 14:47:34'),
  (5, 20, 'F010-00154606', 13773.66, 'Fiel Cumplimiento', 'E1144002023-010', '2026-05-29', NULL, '', 0, '2026-06-10 14:54:31'),
  (6, 21, 'F010-00154296', 5904.8, 'Fiel Cumplimiento', 'E4482042022-011', '2026-05-26', NULL, '', 0, '2026-06-10 15:23:20'),
  (7, 22, 'F010-00154318', 1007.72, 'Fiel Cumplimiento', '15411-2756-2025-002', '2026-05-25', NULL, '', 0, '2026-06-10 17:13:50'),
  (8, 23, 'F010-00154317', 5632.97, 'Adelanto Directo', '15412-0937-2024-006', '2026-05-26', NULL, '', 0, '2026-06-10 17:20:49'),
  (9, 24, 'F010-00154237', 1209.81, 'Adelanto Directo', '15412-0395-2025-004', '2026-06-24', NULL, '', 0, '2026-06-10 17:27:18'),
  (10, 19, 'F017-00015728', 6978.73, 'Adelanto de Materiales', 'E1650122021-011', '2026-05-25', NULL, 'DEVOLUCION POR ITEM', 1, '2026-06-10 17:35:31'),
  (11, 25, 'F010-00154366', 8628.37, 'Fiel Cumplimiento', '15411-0044-2025-003', '2026-05-26', NULL, '', 0, '2026-06-10 17:42:18'),
  (12, 26, 'F010-00143203', 3706.09, 'Adelanto Directo', '15412-0012-2026-000', '2026-01-06', NULL, '', 0, '2026-06-10 17:51:01'),
  (13, 27, 'F010-00154036', 1739.21, 'Adelanto Directo', '15412-1090-2025-003', '2026-05-21', NULL, '', 0, '2026-06-11 14:41:42'),
  (14, 21, 'F010-00154056', 11674.25, 'Adelanto de Materiales', 'E0402032023-012', '2026-05-21', NULL, '', 0, '2026-06-11 14:45:51'),
  (15, 28, 'F010-00153935', 51176.27, 'Fiel Cumplimiento', '15411-2711-2025-002', '2026-05-20', NULL, '', 0, '2026-06-11 14:50:44'),
  (16, 12, 'F010-00142920', 77182.37, 'Adelanto Directo', '155412-0545-2025-002', '2026-01-02', NULL, '', 0, '2026-06-11 14:56:12'),
  (17, 20, 'F010-00152250', 1007.72, 'Fiel Cumplimiento', '15411-1196-2024-007', '2026-04-29', NULL, '', 0, '2026-06-11 15:01:15'),
  (18, 29, 'F010-00152318', 22832.67, 'Adelanto Directo', '15412-0657-2025-003', '2026-04-30', NULL, '', 0, '2026-06-11 15:06:05'),
  (19, 30, 'F010-00152251', 6345.7, 'Adelanto Directo', '15412-0098-2026-001', '2026-04-29', NULL, '', 0, '2026-06-11 15:09:56'),
  (20, 18, 'F010-00151836', 1142.54, 'Adelanto Directo', 'E2832052022-010', '2026-04-23', NULL, '', 0, '2026-06-11 15:13:40'),
  (21, 15, 'F010-00152341', 6711.17, 'Adelanto de Materiales', '15413-0595-2025-002', '2026-04-30', NULL, '', 0, '2026-06-11 15:15:30'),
  (22, 17, 'F010-00152150', 48171.18, 'Adelanto de Materiales', '15413-0165-2024-010', '2026-04-28', NULL, '', 0, '2026-06-11 15:17:53'),
  (23, 10, 'F010-00153662', 1472.44, 'Adelanto Directo', '15412-1080-2025-002', '2026-05-18', NULL, '', 0, '2026-06-11 15:23:01'),
  (24, 20, 'F010-00153672', 1007.72, 'Fiel Cumplimiento', '15411-1527-2025-0005', '2026-05-18', NULL, '', 0, '2026-06-11 15:25:34'),
  (25, 19, 'F010-00153780', 4869.95, 'Fiel Cumplimiento', '15411-0389-2025-004', '2026-05-19', NULL, '', 0, '2026-06-11 15:31:13'),
  (26, 10, 'F010-00154858', 2909.48, 'Adelanto de Materiales', '15413-0710-2025-002', '2026-02-02', NULL, '', 0, '2026-06-11 15:36:51'),
  (27, 22, 'F010-00152161', 6251.83, 'Adelanto de Materiales', '15413-0294-2024-007', '2026-04-28', NULL, '', 0, '2026-06-11 15:43:04'),
  (28, 22, 'F010-00152475', 9693.94, 'Fiel Cumplimiento', '15411-0247-2024-007', '2026-05-04', NULL, '', 0, '2026-06-11 15:44:11'),
  (29, 22, 'F010-00152825', 1007.7, 'Fiel Cumplimiento', '15411-2314-2024-004', '2026-05-06', NULL, '', 0, '2026-06-11 15:45:01'),
  (30, 8, 'F010-00152117', 11322.48, 'Adelanto Directo', '15412-0953-2025-002', '2026-04-28', NULL, '', 0, '2026-06-11 16:05:38'),
  (31, 11, 'F010-00154300', 24009.35, 'Adelanto de Materiales', '15413-0671-2025-002', '2026-05-26', NULL, '', 0, '2026-06-11 16:12:55'),
  (32, 31, 'F010-00152433', 972.32, 'Fiel Cumplimiento', '15411-0831-2026-000', '2026-04-30', NULL, '', 0, '2026-06-11 16:34:05'),
  (33, 32, 'F010-00151202', 2483.7, 'Fiel Cumplimiento', '15411-0280-2025-006', '2026-04-29', NULL, '', 0, '2026-06-11 19:39:36'),
  (34, 33, 'F010-00152301', 18194.96, 'Adelanto de Materiales', 'E0338042023-010', '2026-04-29', NULL, '', 0, '2026-06-11 19:51:39'),
  (35, 34, 'F010-00152110', 5796.27, 'Fiel Cumplimiento', 'E2030052022-010', '2026-04-28', NULL, '', 0, '2026-06-15 15:30:30'),
  (36, 33, 'F010-00152424', 1007.72, 'Fiel Cumplimiento', '15411-0866-2025-004', '2026-04-30', NULL, '', 0, '2026-06-15 15:35:05'),
  (37, 35, 'F010-00152246', 14848, 'Fiel Cumplimiento', 'E2741052021-010', '2026-04-29', NULL, '', 0, '2026-06-15 15:39:40'),
  (38, 36, 'F010-00152247', 16883.75, 'Adelanto de Materiales', '15413-0064-2024-009', '2026-04-29', NULL, '', 0, '2026-06-15 15:45:39'),
  (39, 37, 'F010-00152412', 18317.22, 'Adelanto de Materiales', '15413-0179-2026-000', '2026-04-30', NULL, '', 0, '2026-06-15 16:07:07'),
  (40, 38, 'F010-00152045', 972.32, 'Adelanto Directo', '15412-0965-2025-002', '2026-04-27', NULL, '', 0, '2026-06-15 16:15:00'),
  (41, 39, 'F010-00152342', 1714.23, 'Adelanto Directo', 'E3276132020-010', '2026-04-30', NULL, '', 0, '2026-06-15 16:21:51'),
  (42, 39, 'F010-00152349', 1596.04, 'Adelanto de Materiales', 'E0580112021-010', '2026-05-30', NULL, '', 0, '2026-06-15 16:22:38'),
  (43, 39, 'F010-00151973', 3200, 'Fiel Cumplimiento', 'E3004082020-010', '2026-04-24', NULL, '', 0, '2026-06-15 16:34:14'),
  (44, 4, 'F010-00151925', 1007.72, 'Fiel Cumplimiento', '15411-1542-2025-003', '2026-04-24', NULL, '', 0, '2026-06-15 16:35:32'),
  (45, 3, 'F010-00151926', 33895.29, 'Fiel Cumplimiento', '15411-1783-2025-002', '2026-04-24', NULL, '', 0, '2026-06-15 16:38:29'),
  (46, 32, 'F010-00154607', 16718.31, 'Fiel Cumplimiento', 'E3308002023-007', '2026-05-29', NULL, '', 0, '2026-06-15 16:54:28'),
  (47, 40, 'F010-00153495', 972.32, 'Fiel Cumplimiento', '15411-0140-2025-003', '2026-05-14', NULL, '', 0, '2026-06-15 17:00:29'),
  (48, 41, 'F010-00153492', 3725.97, 'Adelanto Directo', 'E0011132021-010', '2026-05-14', NULL, '', 0, '2026-06-15 17:09:17'),
  (49, 42, 'F017-0015666', 8400.17, 'Adelanto de Materiales', '15413-0083-2025-005', '2026-05-12', NULL, 'DISMINUCION EN EL VALOR', 1, '2026-06-15 17:15:14'),
  (50, 42, 'F017-0015665', 7029.37, 'Adelanto de Materiales', 'E4578042022-010', '2026-05-12', NULL, 'DISMINUCION EN EL VALOR', 1, '2026-06-15 17:17:28'),
  (51, 42, 'F010-00152762', 17782.91, 'Adelanto Directo', 'E4435042022-010', '2026-05-06', NULL, '', 0, '2026-06-17 20:03:41'),
  (52, 42, 'F010-00152765', 27570.9, 'Adelanto de Materiales', '15413-0083-2025-005', '2026-05-06', NULL, '', 0, '2026-06-17 20:04:21'),
  (53, 42, 'F010-00152763', 17133.52, 'Adelanto de Materiales', 'E4578042022-010', '2026-05-06', NULL, '', 0, '2026-06-17 20:05:18'),
  (54, 42, 'F017-00015664', 7045.11, 'Adelanto Directo', 'E4435042022-010', '2026-05-12', NULL, 'DISMINUCION EN EL VALOR', 1, '2026-06-17 20:06:34'),
  (55, 31, 'F010-00153026', 972.32, 'Adelanto Directo', '15412-0291-2026-000', '2026-05-08', NULL, '', 0, '2026-06-17 20:18:26'),
  (56, 33, 'F010-00152465', 1007.72, 'Fiel Cumplimiento', '15411-0864-2025-004', '2026-05-04', NULL, '', 0, '2026-06-17 20:34:08'),
  (57, 33, 'F010-00152823', 1007.72, 'Fiel Cumplimiento', '15411-1184-2024-007', '2026-05-06', NULL, '', 0, '2026-06-17 20:38:59'),
  (58, 33, 'F010-00154053', 35582.5, 'Fiel Cumplimiento', 'E0337002023-008', '2026-05-21', NULL, '', 0, '2026-06-17 20:42:00'),
  (59, 33, 'F010-00153874', 1007.72, 'Fiel Cumplimiento', 'E0773002023-007', '2026-05-19', NULL, '', 0, '2026-06-17 20:45:06'),
  (60, 35, 'F010-00153063', 1007.72, 'Fiel Cumplimiento', 'E0367002023-010', '2026-05-11', NULL, '', 0, '2026-06-17 20:47:55'),
  (61, 35, 'F010-00153061', 1855.17, 'Fiel Cumplimiento', 'E0366002023-010', '2026-05-11', NULL, '', 0, '2026-06-17 20:48:39'),
  (62, 35, 'F010-00153062', 1007.72, 'Fiel Cumplimiento', 'E0368002023-010', '2026-05-11', NULL, '', 0, '2026-06-17 20:49:14'),
  (63, 36, 'F010-00153685', 7378.58, 'Adelanto de Materiales', '15413-0186-2024-008', '2026-05-18', NULL, '', 0, '2026-06-17 20:52:11'),
  (64, 16, 'F010-00153000', 1007.72, 'Adelanto Directo', '15412-0659-2025-003', '2026-05-08', NULL, '', 0, '2026-06-17 20:59:30'),
  (65, 36, 'F010-00154526', 15440.81, 'Adelanto Directo', 'E3810002023-010', '2026-05-28', NULL, '', 0, '2026-06-17 21:13:00'),
  (66, 40, 'F010-00153493', 13041.11, 'Fiel Cumplimiento', '15411-0334-2024-005', '2026-06-13', NULL, '', 0, '2026-06-17 21:19:39'),
  (67, 37, 'F010-00153308', 19405.84, 'Adelanto de Materiales', 'E1852062022-010', '2026-05-13', NULL, '', 0, '2026-06-17 21:31:58'),
  (68, 32, 'F010-00154857', 25059.9, 'Adelanto de Materiales', 'E3981002023-012', '2026-06-02', NULL, '', 0, '2026-06-17 21:35:29'),
  (69, 17, 'F017-0015793', 1406.19, 'Adelanto Directo', 'E3694002023-010', '2026-06-04', NULL, 'DISMINUCION EN EL VALOR', 1, '2026-06-17 21:44:09'),
  (70, 33, 'F010-00155316', 1007.72, 'Fiel Cumplimiento', 'E2031002023-006', '2026-06-05', NULL, '', 0, '2026-06-17 22:23:41'),
  (71, 31, 'F010-00155318', 1124.06, 'Adelanto de Materiales', '15413-0249-2026-000', '2026-06-05', NULL, '', 0, '2026-06-17 22:25:10'),
  (72, 40, 'F010-00156264', 972.32, 'Fiel Cumplimiento', '15411-1119-2024-004', '2026-06-17', NULL, '', 0, '2026-06-18 14:09:55'),
  (73, 43, 'F010-00155232', 22348.69, 'Adelanto Directo', '15412-0966-2024-006', '2026-06-05', NULL, '', 0, '2026-06-18 14:16:52'),
  (74, 44, 'F010-00155239', 1638.03, 'Adelanto de Materiales', '15413-0220-2024-008', '2026-06-05', NULL, '', 0, '2026-06-18 14:20:13'),
  (75, 8, 'F010-00155476', 19405.84, 'Adelanto Directo', '15413-0693-2025-0022', '2026-06-09', NULL, '', 0, '2026-06-18 14:21:21'),
  (76, 45, 'F010-00155573', 9822.43, 'Adelanto Directo', '15412-1216-2025-002', '2026-06-10', NULL, '', 0, '2026-06-18 14:36:39'),
  (77, 33, 'F010-00155568', 1007.72, 'Fiel Cumplimiento', '15411-0787-2024-008', '2026-06-10', NULL, '', 0, '2026-06-18 14:37:38'),
  (78, 33, 'F010-00155570', 1007.72, 'Fiel Cumplimiento', '15411-0788-2024-008', '2026-06-10', NULL, '', 0, '2026-06-18 14:38:56'),
  (79, 22, 'F010-00155566', 3724.23, 'Adelanto de Materiales', '15411-0294-2024-008', '2026-06-10', NULL, '', 0, '2026-06-18 14:40:03'),
  (80, 30, 'F010-00155575', 3334.68, 'Adelanto Directo', '15413-0098-2026-001', '2026-06-10', NULL, '', 0, '2026-06-18 14:41:26'),
  (81, 18, 'F010-00155565', 2512.61, 'Adelanto de Materiales', 'E3849042022-011', '2026-06-10', NULL, '', 0, '2026-06-18 14:43:03'),
  (82, 46, 'F010-00156262', 1007.72, 'Fiel Cumplimiento', '15411-1113-2024-005', '2026-06-17', NULL, '', 0, '2026-06-18 14:46:43'),
  (83, 47, 'F010-00155690', 3659.43, 'Fiel Cumplimiento', '15411-0328-2025-006', '2026-06-11', NULL, '', 0, '2026-06-18 14:52:51'),
  (84, 22, 'F010-00155779', 9693.94, 'Adelanto Directo', '15412-0149-2024-009', '2026-06-11', NULL, '', 0, '2026-06-18 14:54:14'),
  (85, 32, 'F010-00155845', 1007.72, 'Fiel Cumplimiento', '15411-3022-2025-003', '2026-06-12', NULL, '', 0, '2026-06-18 14:55:37'),
  (86, 48, 'F017-00015835', 2617.48, 'Adelanto Directo', '15412-1137-2025-002', '2026-06-12', NULL, 'DISMINUCION EN EL VALOR', 1, '2026-06-18 15:06:33'),
  (87, 11, 'F010-00155933', 12022.38, 'Adelanto Directo', '15412-0792-2025-003', '2026-06-15', NULL, '', 0, '2026-06-18 15:07:50'),
  (88, 46, 'F010-00153069', 9634.53, 'Adelanto de Materiales', '15413-0504-2024-007', '2026-05-11', NULL, '', 0, '2026-06-18 16:35:57'),
  (89, 46, 'F010-00153307', 32716.55, 'Fiel Cumplimiento', 'E1323012023-009', '2026-05-13', NULL, '', 0, '2026-06-18 16:37:22'),
  (90, 30, 'F010-00153654', 6345.7, 'Adelanto de Materiales', '15413-0074-2026-001', '2026-05-18', NULL, '', 0, '2026-06-18 16:42:01'),
  (91, 21, 'F010-00155475', 6546.66, 'Fiel Cumplimiento', 'E3013042022-010', '2026-06-09', NULL, '', 0, '2026-06-18 16:44:17'),
  (92, 14, 'F010-00155691', 24947.24, 'Adelanto de Materiales', '15413-0708-2025-002', '2026-06-11', NULL, '', 0, '2026-06-18 16:46:44'),
  (93, 32, 'F010-00153646', 16718.39, 'Adelanto Directo', 'E3652002023-010', '2026-05-18', NULL, '', 0, '2026-06-18 16:48:29'),
  (94, 38, 'F010-00154368', 972.32, 'Adelanto de Materiales', '15413-0653-2025-002', '2026-05-26', NULL, '', 0, '2026-06-18 16:50:17'),
  (95, 47, 'F010-00154295', 5978.19, 'Fiel Cumplimiento', 'E0110022023-011', '2026-05-26', NULL, '', 0, '2026-06-18 16:52:03'),
  (96, 49, 'F010-00152039', 12160.62, 'Fiel Cumplimiento', '15411-0790-2026', '2026-04-27', NULL, '', 0, '2026-06-18 17:17:58'),
  (97, 50, 'F010-00152953', 14347.2, 'Adelanto de Materiales', 'E2904092021-011', '2026-05-08', NULL, '', 0, '2026-06-18 17:25:55'),
  (98, 51, 'F010-00152166', 17206.7, 'Adelanto de Materiales', 'E2005012023-010', '2026-04-28', NULL, '', 0, '2026-06-18 17:29:00'),
  (99, 52, 'F010-00153353', 1007.72, 'Fiel Cumplimiento', '15411-2685-2025-004', '2026-05-13', NULL, '', 0, '2026-06-18 17:36:23'),
  (100, 43, 'F010-00156866', 7437.76, 'Fiel Cumplimiento', '15411-2334-2024-006', '2026-06-24', NULL, '', 0, '2026-06-26 14:01:21'),
  (101, 2, 'F010-00156808', 8260.94, 'Adelanto Directo', '15412-0859-2025-003', '2026-06-23', NULL, '', 0, '2026-06-30 16:15:55'),
  (102, 33, 'F010-00156806', 1007.72, 'Fiel Cumplimiento', '15411-0882-2024-008', '2026-06-30', NULL, '', 0, '2026-06-30 16:24:13'),
  (103, 48, 'F010-00156750', 43077.42, 'Adelanto de Materiales', '15413-0756-2025-002', '2026-06-23', NULL, '', 0, '2026-06-30 16:27:34'),
  (104, 58, 'F010-00156812', 2124.51, 'Adelanto Directo', '15412-0446-2026-000', '2026-06-23', NULL, '', 0, '2026-06-30 16:31:51'),
  (105, 58, 'F010-00156454', 4414.21, 'Fiel Cumplimiento', '15411-1299-2026-000', '2026-06-18', NULL, '', 0, '2026-06-30 16:34:26'),
  (106, 40, 'F010-00157146', 972.32, 'Fiel Cumplimiento', '15411-1337-2025-004', '2026-06-26', NULL, '', 0, '2026-06-30 16:38:56'),
  (107, 43, 'F010-00156865', 7437.76, 'Fiel Cumplimiento', '15411-2334-2024-006', '2026-06-24', NULL, '', 0, '2026-06-30 16:41:54'),
  (108, 64, 'F017-00015914', 3927.04, 'Adelanto Directo', '15412-0016-2026-003', '2026-06-25', NULL, '', 1, '2026-06-30 17:19:15'),
  (109, 65, 'F010-00157185', 16074.46, 'Adelanto Directo', '15412-0460-2026-000', '2026-06-26', NULL, '', 0, '2026-06-30 17:23:08'),
  (110, 26, 'F010-00157062', 3576, 'Adelanto Directo', '15412-0012-2026-002', '2026-06-25', NULL, '', 0, '2026-06-30 17:36:25'),
  (111, 68, 'F010-00154873', 15522.18, 'Adelanto Directo', '15412-0365-2026-000', '2026-06-02', NULL, '', 0, '2026-06-30 21:02:47'),
  (112, 29, 'F018-00002213', 88.5, 'Adelanto de Materiales', '15413-0177-2026-000', '2026-06-15', NULL, '', 1, '2026-06-30 21:28:05'),
  (113, 45, 'F010-00153575', 19574.03, 'Adelanto de Materiales', '15413-0204-2026-000', '2026-05-15', NULL, '', 0, '2026-06-30 21:55:37'),
  (114, 57, 'F010-00152689', 1007.72, 'Fiel Cumplimiento', 'E3405012023-010', '2026-05-05', NULL, '', 0, '2026-06-30 21:59:00'),
  (115, 57, 'F010-00153068', 1007.72, 'Fiel Cumplimiento', 'E3406012023-010', '2026-05-11', NULL, '', 0, '2026-06-30 22:00:47'),
  (116, 57, 'F010-00154086', 1751.98, 'Adelanto Directo', 'E3202062022-011', '2026-05-21', NULL, '', 0, '2026-06-30 22:02:20'),
  (117, 62, 'F010-00152827', 6707, 'Adelanto Directo', '15412-0087-2026-002', '2026-05-06', NULL, '', 0, '2026-06-30 22:03:01'),
  (118, 53, 'F010-00155240', 16837.83, 'Adelanto de Materiales', '15413-0096-2026-001', '2026-06-05', NULL, '', 0, '2026-06-30 22:04:05'),
  (119, 55, 'F010-00155238', 12339.74, 'Fiel Cumplimiento', '15411-0055-2024-008', '2026-06-05', NULL, '', 0, '2026-06-30 22:05:28'),
  (120, 53, 'F010-00155572', 16873.23, 'Adelanto Directo', '15412-1201-2025-002', '2026-06-10', NULL, '', 0, '2026-06-30 22:06:14'),
  (121, 56, 'F010-00154879', 7164.95, 'Adelanto Directo', 'E0059082022-010', '2026-06-02', NULL, '', 0, '2026-06-30 22:57:44'),
  (122, 52, 'F010-00154852', 1526, 'Fiel Cumplimiento', '15411-2998-2025-002', '2026-06-02', NULL, '', 0, '2026-06-30 22:59:29'),
  (123, 62, 'F010-00152378', 6707, 'Fiel Cumplimiento', '15411-0017-2026-002', '2026-04-30', NULL, '', 0, '2026-06-30 23:00:35'),
  (124, 56, 'F010-00152107', 3600.17, 'Adelanto Directo', 'E2732082021-010', '2026-04-28', NULL, '', 0, '2026-06-30 23:01:26'),
  (125, 57, 'F010-00154297', 972.32, 'Fiel Cumplimiento', 'E2332012023-010', '2026-05-26', NULL, '', 0, '2026-06-30 23:03:01'),
  (126, 46, 'F010-00153069', 9634.53, 'Adelanto de Materiales', '15413-0504-2024-007', '2026-05-11', NULL, '', 0, '2026-06-30 23:03:44'),
  (127, 46, 'F010-00153307', 32716.55, 'Fiel Cumplimiento', 'E1323012023-009', '2026-05-13', NULL, '', 0, '2026-06-30 23:05:58'),
  (128, 30, 'F010-00153654', 6345.7, 'Adelanto de Materiales', '15413-0074-2026-001', '2026-05-18', NULL, '', 0, '2026-06-30 23:08:29'),
  (129, 14, '15413-0708-2025-002', 24947.24, 'Adelanto de Materiales', '15413-0708-2025-002', '2026-06-11', NULL, '', 0, '2026-06-30 23:10:00');

-- ------------------------------------------------------------
-- Tabla: licitaciones
-- ------------------------------------------------------------
DROP TABLE IF EXISTS `licitaciones`;
CREATE TABLE IF NOT EXISTS `licitaciones` (
  `id` INT NOT NULL AUTO_INCREMENT,
  `empresa_id` INT,
  `codigo_proceso` TEXT,
  `objeto` TEXT,
  `entidad` TEXT,
  `monto` DECIMAL(15,2),
  `fecha_contrato` DATE,
  `created_at` DATETIME DEFAULT CURRENT_TIMESTAMP,
  PRIMARY KEY (`id`),
  FOREIGN KEY (`empresa_id`) REFERENCES `empresas`(`id`) ON DELETE CASCADE
) ENGINE=InnoDB DEFAULT CHARSET=utf8mb4;

-- (Sin registros)

SET FOREIGN_KEY_CHECKS=1;

-- Fin del export
